lot_id,planner,commodity,pattern,true_overall_defect_rate,estimated_defect_rate,residual_risk,chosen_disposition,is_false_accept,is_false_reject,is_correct,disposition_penalty,inspection_cost,deterioration_loss,total_disposition_loss,cumulative_exposure_sec,strata_defect_breakdown,steps_taken,action_sequence,total_spent_inr,elapsed_inspection_time_sec,planner_id
LOT_PHYS_01,FB0_Surface_Only,potato,DEPTH_CORRELATED,0.205,0.1116,0.0934,MARKDOWN,0.0,0.0,1.0,0.0,2.0,0.2,2.2,5.0,"{0: 0.0351, 1: 0.1479, 2: 0.2221, 3: 0.2743, 4: 0.3523}",2,"['OBSERVE_STRATUM', 'STOP_INSPECTION']",2.0,5.0,FB0_Surface_Only
LOT_PHYS_01,FB1_Fixed_Sampling,potato,DEPTH_CORRELATED,0.205,0.1077,0.0973,MARKDOWN,0.0,0.0,1.0,0.0,30.0,2.0,32.0,50.0,"{0: 0.0351, 1: 0.1479, 2: 0.2221, 3: 0.2743, 4: 0.3523}",3,"['SAMPLE_UNITS', 'SAMPLE_UNITS', 'STOP_INSPECTION']",30.0,50.0,FB1_Fixed_Random
LOT_PHYS_01,FB2_Depth_Stratified,potato,DEPTH_CORRELATED,0.205,0.1309,0.0741,MARKDOWN,0.0,0.0,1.0,0.0,32.0,7.4,39.4,185.0,"{0: 0.0351, 1: 0.1479, 2: 0.2221, 3: 0.2743, 4: 0.3523}",8,"['OBSERVE_STRATUM', 'REMOVE_LAYER', 'OBSERVE_STRATUM', 'REMOVE_LAYER', 'OBSERVE_STRATUM', 'REMOVE_LAYER', 'OBSERVE_STRATUM', 'STOP_INSPECTION']",32.0,65.0,FB2_Depth_Stratified
LOT_PHYS_01,FB5_State_Blind_Lookahead,potato,DEPTH_CORRELATED,0.205,0.116,0.089,MARKDOWN,0.0,0.0,1.0,0.0,6.0,4.8,10.8,120.0,"{0: 0.0351, 1: 0.1479, 2: 0.2221, 3: 0.2743, 4: 0.3523}",12,"['WAIT_SETTLE', 'WAIT_SETTLE', 'WAIT_SETTLE', 'WAIT_SETTLE', 'WAIT_SETTLE', 'WAIT_SETTLE', 'WAIT_SETTLE', 'WAIT_SETTLE', 'WAIT_SETTLE', 'WAIT_SETTLE', 'WAIT_SETTLE', 'WAIT_SETTLE']",6.0,120.0,FB5_State_Blind
LOT_PHYS_01,FB6_Additive_Cost_Planner,potato,DEPTH_CORRELATED,0.205,0.116,0.089,MARKDOWN,0.0,0.0,1.0,0.0,0.0,0.0,0.0,0.0,"{0: 0.0351, 1: 0.1479, 2: 0.2221, 3: 0.2743, 4: 0.3523}",1,['STOP_INSPECTION'],0.0,0.0,FB6_Calibrated_Additive
LOT_PHYS_01,FB7_Exposure_Aware_Planner,potato,DEPTH_CORRELATED,0.205,0.116,0.089,MARKDOWN,0.0,0.0,1.0,0.0,0.0,0.0,0.0,0.0,"{0: 0.0351, 1: 0.1479, 2: 0.2221, 3: 0.2743, 4: 0.3523}",1,['STOP_INSPECTION'],0.0,0.0,FB7_Proposed
LOT_PHYS_02,FB0_Surface_Only,onion,ADVERSARIAL,0.36,0.1092,0.2508,MARKDOWN,1.0,0.0,0.0,300.0,2.0,0.2,302.2,5.0,"{0: 0.01, 1: 0.4602, 2: 0.497, 3: 0.3233, 4: 0.5345}",2,"['OBSERVE_STRATUM', 'STOP_INSPECTION']",2.0,5.0,FB0_Surface_Only
LOT_PHYS_02,FB1_Fixed_Sampling,onion,ADVERSARIAL,0.36,0.107,0.253,MARKDOWN,1.0,0.0,0.0,300.0,30.0,2.0,332.0,50.0,"{0: 0.01, 1: 0.4602, 2: 0.497, 3: 0.3233, 4: 0.5345}",3,"['SAMPLE_UNITS', 'SAMPLE_UNITS', 'STOP_INSPECTION']",30.0,50.0,FB1_Fixed_Random
LOT_PHYS_02,FB2_Depth_Stratified,onion,ADVERSARIAL,0.36,0.1707,0.1893,MARKDOWN,1.0,0.0,0.0,300.0,32.0,7.4,339.4,185.0,"{0: 0.01, 1: 0.4602, 2: 0.497, 3: 0.3233, 4: 0.5345}",8,"['OBSERVE_STRATUM', 'REMOVE_LAYER', 'OBSERVE_STRATUM', 'REMOVE_LAYER', 'OBSERVE_STRATUM', 'REMOVE_LAYER', 'OBSERVE_STRATUM', 'STOP_INSPECTION']",32.0,65.0,FB2_Depth_Stratified
LOT_PHYS_02,FB5_State_Blind_Lookahead,onion,ADVERSARIAL,0.36,0.116,0.244,MARKDOWN,1.0,0.0,0.0,300.0,6.0,4.8,310.8,120.0,"{0: 0.01, 1: 0.4602, 2: 0.497, 3: 0.3233, 4: 0.5345}",12,"['WAIT_SETTLE', 'WAIT_SETTLE', 'WAIT_SETTLE', 'WAIT_SETTLE', 'WAIT_SETTLE', 'WAIT_SETTLE', 'WAIT_SETTLE', 'WAIT_SETTLE', 'WAIT_SETTLE', 'WAIT_SETTLE', 'WAIT_SETTLE', 'WAIT_SETTLE']",6.0,120.0,FB5_State_Blind
LOT_PHYS_02,FB6_Additive_Cost_Planner,onion,ADVERSARIAL,0.36,0.116,0.244,MARKDOWN,1.0,0.0,0.0,300.0,0.0,0.0,300.0,0.0,"{0: 0.01, 1: 0.4602, 2: 0.497, 3: 0.3233, 4: 0.5345}",1,['STOP_INSPECTION'],0.0,0.0,FB6_Calibrated_Additive
LOT_PHYS_02,FB7_Exposure_Aware_Planner,onion,ADVERSARIAL,0.36,0.116,0.244,MARKDOWN,1.0,0.0,0.0,300.0,0.0,0.0,300.0,0.0,"{0: 0.01, 1: 0.4602, 2: 0.497, 3: 0.3233, 4: 0.5345}",1,['STOP_INSPECTION'],0.0,0.0,FB7_Proposed
LOT_PHYS_03,FB0_Surface_Only,potato,HIDDEN_BOTTOM,0.15,0.1154,0.0346,MARKDOWN,0.0,0.0,1.0,0.0,2.0,0.2,2.2,5.0,"{0: 0.03, 1: 0.03, 2: 0.03, 3: 0.03, 4: 0.6421}",2,"['OBSERVE_STRATUM', 'STOP_INSPECTION']",2.0,5.0,FB0_Surface_Only
LOT_PHYS_03,FB1_Fixed_Sampling,potato,HIDDEN_BOTTOM,0.15,0.1093,0.0407,MARKDOWN,0.0,0.0,1.0,0.0,30.0,2.0,32.0,50.0,"{0: 0.03, 1: 0.03, 2: 0.03, 3: 0.03, 4: 0.6421}",3,"['SAMPLE_UNITS', 'SAMPLE_UNITS', 'STOP_INSPECTION']",30.0,50.0,FB1_Fixed_Random
LOT_PHYS_03,FB2_Depth_Stratified,potato,HIDDEN_BOTTOM,0.15,0.0988,0.0512,MARKDOWN,0.0,0.0,1.0,0.0,32.0,7.4,39.4,185.0,"{0: 0.03, 1: 0.03, 2: 0.03, 3: 0.03, 4: 0.6421}",8,"['OBSERVE_STRATUM', 'REMOVE_LAYER', 'OBSERVE_STRATUM', 'REMOVE_LAYER', 'OBSERVE_STRATUM', 'REMOVE_LAYER', 'OBSERVE_STRATUM', 'STOP_INSPECTION']",32.0,65.0,FB2_Depth_Stratified
LOT_PHYS_03,FB5_State_Blind_Lookahead,potato,HIDDEN_BOTTOM,0.15,0.116,0.034,MARKDOWN,0.0,0.0,1.0,0.0,6.0,4.8,10.8,120.0,"{0: 0.03, 1: 0.03, 2: 0.03, 3: 0.03, 4: 0.6421}",12,"['WAIT_SETTLE', 'WAIT_SETTLE', 'WAIT_SETTLE', 'WAIT_SETTLE', 'WAIT_SETTLE', 'WAIT_SETTLE', 'WAIT_SETTLE', 'WAIT_SETTLE', 'WAIT_SETTLE', 'WAIT_SETTLE', 'WAIT_SETTLE', 'WAIT_SETTLE']",6.0,120.0,FB5_State_Blind
LOT_PHYS_03,FB6_Additive_Cost_Planner,potato,HIDDEN_BOTTOM,0.15,0.116,0.034,MARKDOWN,0.0,0.0,1.0,0.0,0.0,0.0,0.0,0.0,"{0: 0.03, 1: 0.03, 2: 0.03, 3: 0.03, 4: 0.6421}",1,['STOP_INSPECTION'],0.0,0.0,FB6_Calibrated_Additive
LOT_PHYS_03,FB7_Exposure_Aware_Planner,potato,HIDDEN_BOTTOM,0.15,0.116,0.034,MARKDOWN,0.0,0.0,1.0,0.0,0.0,0.0,0.0,0.0,"{0: 0.03, 1: 0.03, 2: 0.03, 3: 0.03, 4: 0.6421}",1,['STOP_INSPECTION'],0.0,0.0,FB7_Proposed
LOT_PHYS_04,FB0_Surface_Only,onion,ADVERSARIAL,0.35,0.1105,0.2395,MARKDOWN,0.0,0.0,1.0,0.0,2.0,0.2,2.2,5.0,"{0: 0.01, 1: 0.3986, 2: 0.4444, 3: 0.4548, 4: 0.4526}",2,"['OBSERVE_STRATUM', 'STOP_INSPECTION']",2.0,5.0,FB0_Surface_Only
LOT_PHYS_04,FB1_Fixed_Sampling,onion,ADVERSARIAL,0.35,0.1123,0.2377,MARKDOWN,0.0,0.0,1.0,0.0,30.0,2.0,32.0,50.0,"{0: 0.01, 1: 0.3986, 2: 0.4444, 3: 0.4548, 4: 0.4526}",3,"['SAMPLE_UNITS', 'SAMPLE_UNITS', 'STOP_INSPECTION']",30.0,50.0,FB1_Fixed_Random
LOT_PHYS_04,FB2_Depth_Stratified,onion,ADVERSARIAL,0.35,0.1752,0.1748,MARKDOWN,0.0,0.0,1.0,0.0,32.0,7.4,39.4,185.0,"{0: 0.01, 1: 0.3986, 2: 0.4444, 3: 0.4548, 4: 0.4526}",8,"['OBSERVE_STRATUM', 'REMOVE_LAYER', 'OBSERVE_STRATUM', 'REMOVE_LAYER', 'OBSERVE_STRATUM', 'REMOVE_LAYER', 'OBSERVE_STRATUM', 'STOP_INSPECTION']",32.0,65.0,FB2_Depth_Stratified
LOT_PHYS_04,FB5_State_Blind_Lookahead,onion,ADVERSARIAL,0.35,0.116,0.234,MARKDOWN,0.0,0.0,1.0,0.0,6.0,4.8,10.8,120.0,"{0: 0.01, 1: 0.3986, 2: 0.4444, 3: 0.4548, 4: 0.4526}",12,"['WAIT_SETTLE', 'WAIT_SETTLE', 'WAIT_SETTLE', 'WAIT_SETTLE', 'WAIT_SETTLE', 'WAIT_SETTLE', 'WAIT_SETTLE', 'WAIT_SETTLE', 'WAIT_SETTLE', 'WAIT_SETTLE', 'WAIT_SETTLE', 'WAIT_SETTLE']",6.0,120.0,FB5_State_Blind
LOT_PHYS_04,FB6_Additive_Cost_Planner,onion,ADVERSARIAL,0.35,0.116,0.234,MARKDOWN,0.0,0.0,1.0,0.0,0.0,0.0,0.0,0.0,"{0: 0.01, 1: 0.3986, 2: 0.4444, 3: 0.4548, 4: 0.4526}",1,['STOP_INSPECTION'],0.0,0.0,FB6_Calibrated_Additive
LOT_PHYS_04,FB7_Exposure_Aware_Planner,onion,ADVERSARIAL,0.35,0.116,0.234,MARKDOWN,0.0,0.0,1.0,0.0,0.0,0.0,0.0,0.0,"{0: 0.01, 1: 0.3986, 2: 0.4444, 3: 0.4548, 4: 0.4526}",1,['STOP_INSPECTION'],0.0,0.0,FB7_Proposed
LOT_PHYS_05,FB0_Surface_Only,potato,DEPTH_CORRELATED,0.2,0.1149,0.0851,MARKDOWN,0.0,0.0,1.0,0.0,2.0,0.2,2.2,5.0,"{0: 0.0638, 1: 0.1123, 2: 0.1995, 3: 0.2705, 4: 0.3616}",2,"['OBSERVE_STRATUM', 'STOP_INSPECTION']",2.0,5.0,FB0_Surface_Only
LOT_PHYS_05,FB1_Fixed_Sampling,potato,DEPTH_CORRELATED,0.2,0.1129,0.0871,MARKDOWN,0.0,0.0,1.0,0.0,30.0,2.0,32.0,50.0,"{0: 0.0638, 1: 0.1123, 2: 0.1995, 3: 0.2705, 4: 0.3616}",3,"['SAMPLE_UNITS', 'SAMPLE_UNITS', 'STOP_INSPECTION']",30.0,50.0,FB1_Fixed_Random
LOT_PHYS_05,FB2_Depth_Stratified,potato,DEPTH_CORRELATED,0.2,0.1322,0.0678,MARKDOWN,0.0,0.0,1.0,0.0,32.0,7.4,39.4,185.0,"{0: 0.0638, 1: 0.1123, 2: 0.1995, 3: 0.2705, 4: 0.3616}",8,"['OBSERVE_STRATUM', 'REMOVE_LAYER', 'OBSERVE_STRATUM', 'REMOVE_LAYER', 'OBSERVE_STRATUM', 'REMOVE_LAYER', 'OBSERVE_STRATUM', 'STOP_INSPECTION']",32.0,65.0,FB2_Depth_Stratified
LOT_PHYS_05,FB5_State_Blind_Lookahead,potato,DEPTH_CORRELATED,0.2,0.116,0.084,MARKDOWN,0.0,0.0,1.0,0.0,6.0,4.8,10.8,120.0,"{0: 0.0638, 1: 0.1123, 2: 0.1995, 3: 0.2705, 4: 0.3616}",12,"['WAIT_SETTLE', 'WAIT_SETTLE', 'WAIT_SETTLE', 'WAIT_SETTLE', 'WAIT_SETTLE', 'WAIT_SETTLE', 'WAIT_SETTLE', 'WAIT_SETTLE', 'WAIT_SETTLE', 'WAIT_SETTLE', 'WAIT_SETTLE', 'WAIT_SETTLE']",6.0,120.0,FB5_State_Blind
LOT_PHYS_05,FB6_Additive_Cost_Planner,potato,DEPTH_CORRELATED,0.2,0.116,0.084,MARKDOWN,0.0,0.0,1.0,0.0,0.0,0.0,0.0,0.0,"{0: 0.0638, 1: 0.1123, 2: 0.1995, 3: 0.2705, 4: 0.3616}",1,['STOP_INSPECTION'],0.0,0.0,FB6_Calibrated_Additive
LOT_PHYS_05,FB7_Exposure_Aware_Planner,potato,DEPTH_CORRELATED,0.2,0.116,0.084,MARKDOWN,0.0,0.0,1.0,0.0,0.0,0.0,0.0,0.0,"{0: 0.0638, 1: 0.1123, 2: 0.1995, 3: 0.2705, 4: 0.3616}",1,['STOP_INSPECTION'],0.0,0.0,FB7_Proposed
LOT_PHYS_06,FB0_Surface_Only,onion,HIDDEN_BOTTOM,0.12,0.1119,0.0081,MARKDOWN,0.0,0.0,1.0,0.0,2.0,0.2,2.2,5.0,"{0: 0.03, 1: 0.03, 2: 0.03, 3: 0.03, 4: 0.5066}",2,"['OBSERVE_STRATUM', 'STOP_INSPECTION']",2.0,5.0,FB0_Surface_Only
LOT_PHYS_06,FB1_Fixed_Sampling,onion,HIDDEN_BOTTOM,0.12,0.1113,0.0087,MARKDOWN,0.0,0.0,1.0,0.0,30.0,2.0,32.0,50.0,"{0: 0.03, 1: 0.03, 2: 0.03, 3: 0.03, 4: 0.5066}",3,"['SAMPLE_UNITS', 'SAMPLE_UNITS', 'STOP_INSPECTION']",30.0,50.0,FB1_Fixed_Random
LOT_PHYS_06,FB2_Depth_Stratified,onion,HIDDEN_BOTTOM,0.12,0.0928,0.0272,MARKDOWN,0.0,0.0,1.0,0.0,32.0,7.4,39.4,185.0,"{0: 0.03, 1: 0.03, 2: 0.03, 3: 0.03, 4: 0.5066}",8,"['OBSERVE_STRATUM', 'REMOVE_LAYER', 'OBSERVE_STRATUM', 'REMOVE_LAYER', 'OBSERVE_STRATUM', 'REMOVE_LAYER', 'OBSERVE_STRATUM', 'STOP_INSPECTION']",32.0,65.0,FB2_Depth_Stratified
LOT_PHYS_06,FB5_State_Blind_Lookahead,onion,HIDDEN_BOTTOM,0.12,0.116,0.004,MARKDOWN,0.0,0.0,1.0,0.0,6.0,4.8,10.8,120.0,"{0: 0.03, 1: 0.03, 2: 0.03, 3: 0.03, 4: 0.5066}",12,"['WAIT_SETTLE', 'WAIT_SETTLE', 'WAIT_SETTLE', 'WAIT_SETTLE', 'WAIT_SETTLE', 'WAIT_SETTLE', 'WAIT_SETTLE', 'WAIT_SETTLE', 'WAIT_SETTLE', 'WAIT_SETTLE', 'WAIT_SETTLE', 'WAIT_SETTLE']",6.0,120.0,FB5_State_Blind
LOT_PHYS_06,FB6_Additive_Cost_Planner,onion,HIDDEN_BOTTOM,0.12,0.116,0.004,MARKDOWN,0.0,0.0,1.0,0.0,0.0,0.0,0.0,0.0,"{0: 0.03, 1: 0.03, 2: 0.03, 3: 0.03, 4: 0.5066}",1,['STOP_INSPECTION'],0.0,0.0,FB6_Calibrated_Additive
LOT_PHYS_06,FB7_Exposure_Aware_Planner,onion,HIDDEN_BOTTOM,0.12,0.116,0.004,MARKDOWN,0.0,0.0,1.0,0.0,0.0,0.0,0.0,0.0,"{0: 0.03, 1: 0.03, 2: 0.03, 3: 0.03, 4: 0.5066}",1,['STOP_INSPECTION'],0.0,0.0,FB7_Proposed
LOT_PHYS_07,FB0_Surface_Only,potato,HIDDEN_BOTTOM,0.105,0.111,0.006,MARKDOWN,0.0,0.0,1.0,0.0,2.0,0.2,2.2,5.0,"{0: 0.03, 1: 0.03, 2: 0.03, 3: 0.03, 4: 0.43}",2,"['OBSERVE_STRATUM', 'STOP_INSPECTION']",2.0,5.0,FB0_Surface_Only
LOT_PHYS_07,FB1_Fixed_Sampling,potato,HIDDEN_BOTTOM,0.105,0.1129,0.0079,MARKDOWN,0.0,0.0,1.0,0.0,30.0,2.0,32.0,50.0,"{0: 0.03, 1: 0.03, 2: 0.03, 3: 0.03, 4: 0.43}",3,"['SAMPLE_UNITS', 'SAMPLE_UNITS', 'STOP_INSPECTION']",30.0,50.0,FB1_Fixed_Random
LOT_PHYS_07,FB2_Depth_Stratified,potato,HIDDEN_BOTTOM,0.105,0.1112,0.0062,MARKDOWN,0.0,0.0,1.0,0.0,32.0,7.4,39.4,185.0,"{0: 0.03, 1: 0.03, 2: 0.03, 3: 0.03, 4: 0.43}",8,"['OBSERVE_STRATUM', 'REMOVE_LAYER', 'OBSERVE_STRATUM', 'REMOVE_LAYER', 'OBSERVE_STRATUM', 'REMOVE_LAYER', 'OBSERVE_STRATUM', 'STOP_INSPECTION']",32.0,65.0,FB2_Depth_Stratified
LOT_PHYS_07,FB5_State_Blind_Lookahead,potato,HIDDEN_BOTTOM,0.105,0.116,0.011,MARKDOWN,0.0,0.0,1.0,0.0,6.0,4.8,10.8,120.0,"{0: 0.03, 1: 0.03, 2: 0.03, 3: 0.03, 4: 0.43}",12,"['WAIT_SETTLE', 'WAIT_SETTLE', 'WAIT_SETTLE', 'WAIT_SETTLE', 'WAIT_SETTLE', 'WAIT_SETTLE', 'WAIT_SETTLE', 'WAIT_SETTLE', 'WAIT_SETTLE', 'WAIT_SETTLE', 'WAIT_SETTLE', 'WAIT_SETTLE']",6.0,120.0,FB5_State_Blind
LOT_PHYS_07,FB6_Additive_Cost_Planner,potato,HIDDEN_BOTTOM,0.105,0.116,0.011,MARKDOWN,0.0,0.0,1.0,0.0,0.0,0.0,0.0,0.0,"{0: 0.03, 1: 0.03, 2: 0.03, 3: 0.03, 4: 0.43}",1,['STOP_INSPECTION'],0.0,0.0,FB6_Calibrated_Additive
LOT_PHYS_07,FB7_Exposure_Aware_Planner,potato,HIDDEN_BOTTOM,0.105,0.116,0.011,MARKDOWN,0.0,0.0,1.0,0.0,0.0,0.0,0.0,0.0,"{0: 0.03, 1: 0.03, 2: 0.03, 3: 0.03, 4: 0.43}",1,['STOP_INSPECTION'],0.0,0.0,FB7_Proposed
LOT_PHYS_08,FB0_Surface_Only,onion,ADVERSARIAL,0.38,0.1092,0.2708,MARKDOWN,1.0,0.0,0.0,300.0,2.0,0.2,302.2,5.0,"{0: 0.01, 1: 0.3589, 2: 0.5459, 3: 0.4688, 4: 0.5358}",2,"['OBSERVE_STRATUM', 'STOP_INSPECTION']",2.0,5.0,FB0_Surface_Only
LOT_PHYS_08,FB1_Fixed_Sampling,onion,ADVERSARIAL,0.38,0.1103,0.2697,MARKDOWN,1.0,0.0,0.0,300.0,30.0,2.0,332.0,50.0,"{0: 0.01, 1: 0.3589, 2: 0.5459, 3: 0.4688, 4: 0.5358}",3,"['SAMPLE_UNITS', 'SAMPLE_UNITS', 'STOP_INSPECTION']",30.0,50.0,FB1_Fixed_Random
LOT_PHYS_08,FB2_Depth_Stratified,onion,ADVERSARIAL,0.38,0.1774,0.2026,SPLIT_LOT,0.0,0.0,1.0,120.0,32.0,7.4,159.4,185.0,"{0: 0.01, 1: 0.3589, 2: 0.5459, 3: 0.4688, 4: 0.5358}",8,"['OBSERVE_STRATUM', 'REMOVE_LAYER', 'OBSERVE_STRATUM', 'REMOVE_LAYER', 'OBSERVE_STRATUM', 'REMOVE_LAYER', 'OBSERVE_STRATUM', 'STOP_INSPECTION']",32.0,65.0,FB2_Depth_Stratified
LOT_PHYS_08,FB5_State_Blind_Lookahead,onion,ADVERSARIAL,0.38,0.116,0.264,MARKDOWN,1.0,0.0,0.0,300.0,6.0,4.8,310.8,120.0,"{0: 0.01, 1: 0.3589, 2: 0.5459, 3: 0.4688, 4: 0.5358}",12,"['WAIT_SETTLE', 'WAIT_SETTLE', 'WAIT_SETTLE', 'WAIT_SETTLE', 'WAIT_SETTLE', 'WAIT_SETTLE', 'WAIT_SETTLE', 'WAIT_SETTLE', 'WAIT_SETTLE', 'WAIT_SETTLE', 'WAIT_SETTLE', 'WAIT_SETTLE']",6.0,120.0,FB5_State_Blind
LOT_PHYS_08,FB6_Additive_Cost_Planner,onion,ADVERSARIAL,0.38,0.116,0.264,MARKDOWN,1.0,0.0,0.0,300.0,0.0,0.0,300.0,0.0,"{0: 0.01, 1: 0.3589, 2: 0.5459, 3: 0.4688, 4: 0.5358}",1,['STOP_INSPECTION'],0.0,0.0,FB6_Calibrated_Additive
LOT_PHYS_08,FB7_Exposure_Aware_Planner,onion,ADVERSARIAL,0.38,0.116,0.264,MARKDOWN,1.0,0.0,0.0,300.0,0.0,0.0,300.0,0.0,"{0: 0.01, 1: 0.3589, 2: 0.5459, 3: 0.4688, 4: 0.5358}",1,['STOP_INSPECTION'],0.0,0.0,FB7_Proposed
LOT_PHYS_09,FB0_Surface_Only,potato,DEPTH_CORRELATED,0.2,0.1151,0.0849,MARKDOWN,0.0,0.0,1.0,0.0,2.0,0.2,2.2,5.0,"{0: 0.0563, 1: 0.1158, 2: 0.1966, 3: 0.2614, 4: 0.3842}",2,"['OBSERVE_STRATUM', 'STOP_INSPECTION']",2.0,5.0,FB0_Surface_Only
LOT_PHYS_09,FB1_Fixed_Sampling,potato,DEPTH_CORRELATED,0.2,0.1128,0.0872,MARKDOWN,0.0,0.0,1.0,0.0,30.0,2.0,32.0,50.0,"{0: 0.0563, 1: 0.1158, 2: 0.1966, 3: 0.2614, 4: 0.3842}",3,"['SAMPLE_UNITS', 'SAMPLE_UNITS', 'STOP_INSPECTION']",30.0,50.0,FB1_Fixed_Random
LOT_PHYS_09,FB2_Depth_Stratified,potato,DEPTH_CORRELATED,0.2,0.1265,0.0735,MARKDOWN,0.0,0.0,1.0,0.0,32.0,7.4,39.4,185.0,"{0: 0.0563, 1: 0.1158, 2: 0.1966, 3: 0.2614, 4: 0.3842}",8,"['OBSERVE_STRATUM', 'REMOVE_LAYER', 'OBSERVE_STRATUM', 'REMOVE_LAYER', 'OBSERVE_STRATUM', 'REMOVE_LAYER', 'OBSERVE_STRATUM', 'STOP_INSPECTION']",32.0,65.0,FB2_Depth_Stratified
LOT_PHYS_09,FB5_State_Blind_Lookahead,potato,DEPTH_CORRELATED,0.2,0.116,0.084,MARKDOWN,0.0,0.0,1.0,0.0,6.0,4.8,10.8,120.0,"{0: 0.0563, 1: 0.1158, 2: 0.1966, 3: 0.2614, 4: 0.3842}",12,"['WAIT_SETTLE', 'WAIT_SETTLE', 'WAIT_SETTLE', 'WAIT_SETTLE', 'WAIT_SETTLE', 'WAIT_SETTLE', 'WAIT_SETTLE', 'WAIT_SETTLE', 'WAIT_SETTLE', 'WAIT_SETTLE', 'WAIT_SETTLE', 'WAIT_SETTLE']",6.0,120.0,FB5_State_Blind
LOT_PHYS_09,FB6_Additive_Cost_Planner,potato,DEPTH_CORRELATED,0.2,0.116,0.084,MARKDOWN,0.0,0.0,1.0,0.0,0.0,0.0,0.0,0.0,"{0: 0.0563, 1: 0.1158, 2: 0.1966, 3: 0.2614, 4: 0.3842}",1,['STOP_INSPECTION'],0.0,0.0,FB6_Calibrated_Additive
LOT_PHYS_09,FB7_Exposure_Aware_Planner,potato,DEPTH_CORRELATED,0.2,0.116,0.084,MARKDOWN,0.0,0.0,1.0,0.0,0.0,0.0,0.0,0.0,"{0: 0.0563, 1: 0.1158, 2: 0.1966, 3: 0.2614, 4: 0.3842}",1,['STOP_INSPECTION'],0.0,0.0,FB7_Proposed
LOT_PHYS_10,FB0_Surface_Only,onion,HIDDEN_BOTTOM,0.125,0.1115,0.0135,MARKDOWN,0.0,0.0,1.0,0.0,2.0,0.2,2.2,5.0,"{0: 0.03, 1: 0.03, 2: 0.03, 3: 0.03, 4: 0.5371}",2,"['OBSERVE_STRATUM', 'STOP_INSPECTION']",2.0,5.0,FB0_Surface_Only
LOT_PHYS_10,FB1_Fixed_Sampling,onion,HIDDEN_BOTTOM,0.125,0.1082,0.0168,MARKDOWN,0.0,0.0,1.0,0.0,30.0,2.0,32.0,50.0,"{0: 0.03, 1: 0.03, 2: 0.03, 3: 0.03, 4: 0.5371}",3,"['SAMPLE_UNITS', 'SAMPLE_UNITS', 'STOP_INSPECTION']",30.0,50.0,FB1_Fixed_Random
LOT_PHYS_10,FB2_Depth_Stratified,onion,HIDDEN_BOTTOM,0.125,0.0947,0.0303,MARKDOWN,0.0,0.0,1.0,0.0,32.0,7.4,39.4,185.0,"{0: 0.03, 1: 0.03, 2: 0.03, 3: 0.03, 4: 0.5371}",8,"['OBSERVE_STRATUM', 'REMOVE_LAYER', 'OBSERVE_STRATUM', 'REMOVE_LAYER', 'OBSERVE_STRATUM', 'REMOVE_LAYER', 'OBSERVE_STRATUM', 'STOP_INSPECTION']",32.0,65.0,FB2_Depth_Stratified
LOT_PHYS_10,FB5_State_Blind_Lookahead,onion,HIDDEN_BOTTOM,0.125,0.116,0.009,MARKDOWN,0.0,0.0,1.0,0.0,6.0,4.8,10.8,120.0,"{0: 0.03, 1: 0.03, 2: 0.03, 3: 0.03, 4: 0.5371}",12,"['WAIT_SETTLE', 'WAIT_SETTLE', 'WAIT_SETTLE', 'WAIT_SETTLE', 'WAIT_SETTLE', 'WAIT_SETTLE', 'WAIT_SETTLE', 'WAIT_SETTLE', 'WAIT_SETTLE', 'WAIT_SETTLE', 'WAIT_SETTLE', 'WAIT_SETTLE']",6.0,120.0,FB5_State_Blind
LOT_PHYS_10,FB6_Additive_Cost_Planner,onion,HIDDEN_BOTTOM,0.125,0.116,0.009,MARKDOWN,0.0,0.0,1.0,0.0,0.0,0.0,0.0,0.0,"{0: 0.03, 1: 0.03, 2: 0.03, 3: 0.03, 4: 0.5371}",1,['STOP_INSPECTION'],0.0,0.0,FB6_Calibrated_Additive
LOT_PHYS_10,FB7_Exposure_Aware_Planner,onion,HIDDEN_BOTTOM,0.125,0.116,0.009,MARKDOWN,0.0,0.0,1.0,0.0,0.0,0.0,0.0,0.0,"{0: 0.03, 1: 0.03, 2: 0.03, 3: 0.03, 4: 0.5371}",1,['STOP_INSPECTION'],0.0,0.0,FB7_Proposed
