lot_id,commodity,pattern,mass_kg,total_units,initial_temp_c,ambient_temp_c,true_overall_defect_rate
LOT_PHYS_01,potato,DEPTH_CORRELATED,20.0,200,11.733411391775475,26.5,0.205
LOT_PHYS_02,onion,ADVERSARIAL,20.0,200,12.451387123479986,26.5,0.36
LOT_PHYS_03,potato,HIDDEN_BOTTOM,20.0,200,11.326742887366262,26.5,0.15
LOT_PHYS_04,onion,ADVERSARIAL,20.0,200,12.571719354384623,26.5,0.35
LOT_PHYS_05,potato,DEPTH_CORRELATED,20.0,200,11.19996020168801,26.5,0.2
LOT_PHYS_06,onion,HIDDEN_BOTTOM,20.0,200,12.072698552372534,26.5,0.12
LOT_PHYS_07,potato,HIDDEN_BOTTOM,20.0,200,11.54762272373141,26.5,0.105
LOT_PHYS_08,onion,ADVERSARIAL,20.0,200,11.84521958234142,26.5,0.38
LOT_PHYS_09,potato,DEPTH_CORRELATED,20.0,200,12.975898771456524,26.5,0.2
LOT_PHYS_10,onion,HIDDEN_BOTTOM,20.0,200,12.663828390981442,26.5,0.125
