lot_id,planner,commodity,pattern,true_overall_defect_rate,estimated_defect_rate,residual_risk,chosen_disposition,is_false_accept,is_false_reject,is_correct,disposition_penalty,inspection_cost,deterioration_loss,total_disposition_loss,cumulative_exposure_sec,strata_defect_breakdown,steps_taken,action_sequence,total_spent_inr,elapsed_inspection_time_sec,perturbation_label
misspec_Nomi_000,FB7_Exposure_Aware_Planner,potato,DEPTH_CORRELATED,0.204,0.116,0.088,MARKDOWN,0.0,0.0,1.0,0.0,0.0,0.0,0.0,0.0,"{0: 0.0209, 1: 0.1259, 2: 0.2178, 3: 0.2958, 4: 0.3546}",1,['STOP_INSPECTION'],0.0,0.0,Nominal (0% perturbation)
misspec_Nomi_001,FB7_Exposure_Aware_Planner,potato,DEPTH_CORRELATED,0.208,0.116,0.092,MARKDOWN,0.0,0.0,1.0,0.0,0.0,0.0,0.0,0.0,"{0: 0.0614, 1: 0.1363, 2: 0.2296, 3: 0.2791, 4: 0.342}",1,['STOP_INSPECTION'],0.0,0.0,Nominal (0% perturbation)
misspec_Nomi_002,FB7_Exposure_Aware_Planner,potato,DEPTH_CORRELATED,0.212,0.116,0.096,MARKDOWN,0.0,0.0,1.0,0.0,0.0,0.0,0.0,0.0,"{0: 0.0427, 1: 0.1442, 2: 0.2256, 3: 0.2946, 4: 0.3613}",1,['STOP_INSPECTION'],0.0,0.0,Nominal (0% perturbation)
misspec_Nomi_003,FB7_Exposure_Aware_Planner,potato,DEPTH_CORRELATED,0.204,0.116,0.088,MARKDOWN,0.0,0.0,1.0,0.0,0.0,0.0,0.0,0.0,"{0: 0.0543, 1: 0.1221, 2: 0.1813, 3: 0.275, 4: 0.3885}",1,['STOP_INSPECTION'],0.0,0.0,Nominal (0% perturbation)
misspec_Nomi_004,FB7_Exposure_Aware_Planner,potato,DEPTH_CORRELATED,0.196,0.116,0.08,MARKDOWN,0.0,0.0,1.0,0.0,0.0,0.0,0.0,0.0,"{0: 0.0391, 1: 0.1134, 2: 0.1849, 3: 0.2633, 4: 0.3896}",1,['STOP_INSPECTION'],0.0,0.0,Nominal (0% perturbation)
misspec_Nomi_005,FB7_Exposure_Aware_Planner,potato,DEPTH_CORRELATED,0.208,0.116,0.092,MARKDOWN,0.0,0.0,1.0,0.0,0.0,0.0,0.0,0.0,"{0: 0.0351, 1: 0.1126, 2: 0.1947, 3: 0.3071, 4: 0.3878}",1,['STOP_INSPECTION'],0.0,0.0,Nominal (0% perturbation)
misspec_Nomi_006,FB7_Exposure_Aware_Planner,potato,DEPTH_CORRELATED,0.192,0.116,0.076,MARKDOWN,0.0,0.0,1.0,0.0,0.0,0.0,0.0,0.0,"{0: 0.0289, 1: 0.1297, 2: 0.1828, 3: 0.2614, 4: 0.3714}",1,['STOP_INSPECTION'],0.0,0.0,Nominal (0% perturbation)
misspec_Nomi_007,FB7_Exposure_Aware_Planner,potato,DEPTH_CORRELATED,0.204,0.116,0.088,MARKDOWN,0.0,0.0,1.0,0.0,0.0,0.0,0.0,0.0,"{0: 0.0641, 1: 0.1361, 2: 0.2093, 3: 0.2606, 4: 0.3672}",1,['STOP_INSPECTION'],0.0,0.0,Nominal (0% perturbation)
misspec_Nomi_008,FB7_Exposure_Aware_Planner,potato,DEPTH_CORRELATED,0.2,0.116,0.084,MARKDOWN,0.0,0.0,1.0,0.0,0.0,0.0,0.0,0.0,"{0: 0.03, 1: 0.1025, 2: 0.1911, 3: 0.2912, 4: 0.3669}",1,['STOP_INSPECTION'],0.0,0.0,Nominal (0% perturbation)
misspec_Nomi_009,FB7_Exposure_Aware_Planner,potato,DEPTH_CORRELATED,0.212,0.116,0.096,MARKDOWN,0.0,0.0,1.0,0.0,0.0,0.0,0.0,0.0,"{0: 0.0491, 1: 0.1365, 2: 0.2277, 3: 0.2822, 4: 0.3761}",1,['STOP_INSPECTION'],0.0,0.0,Nominal (0% perturbation)
misspec_Nomi_010,FB7_Exposure_Aware_Planner,potato,DEPTH_CORRELATED,0.208,0.116,0.092,MARKDOWN,0.0,0.0,1.0,0.0,0.0,0.0,0.0,0.0,"{0: 0.0268, 1: 0.1483, 2: 0.2118, 3: 0.2881, 4: 0.3869}",1,['STOP_INSPECTION'],0.0,0.0,Nominal (0% perturbation)
misspec_Nomi_011,FB7_Exposure_Aware_Planner,potato,DEPTH_CORRELATED,0.212,0.116,0.096,MARKDOWN,0.0,0.0,1.0,0.0,0.0,0.0,0.0,0.0,"{0: 0.0478, 1: 0.138, 2: 0.2166, 3: 0.2724, 4: 0.3738}",1,['STOP_INSPECTION'],0.0,0.0,Nominal (0% perturbation)
misspec_Nomi_012,FB7_Exposure_Aware_Planner,potato,DEPTH_CORRELATED,0.212,0.116,0.096,MARKDOWN,0.0,0.0,1.0,0.0,0.0,0.0,0.0,0.0,"{0: 0.0514, 1: 0.126, 2: 0.2221, 3: 0.2918, 4: 0.3536}",1,['STOP_INSPECTION'],0.0,0.0,Nominal (0% perturbation)
misspec_Nomi_013,FB7_Exposure_Aware_Planner,potato,DEPTH_CORRELATED,0.22,0.116,0.104,MARKDOWN,0.0,0.0,1.0,0.0,0.0,0.0,0.0,0.0,"{0: 0.0502, 1: 0.1406, 2: 0.2114, 3: 0.3031, 4: 0.3736}",1,['STOP_INSPECTION'],0.0,0.0,Nominal (0% perturbation)
misspec_Nomi_014,FB7_Exposure_Aware_Planner,potato,DEPTH_CORRELATED,0.212,0.116,0.096,MARKDOWN,0.0,0.0,1.0,0.0,0.0,0.0,0.0,0.0,"{0: 0.0547, 1: 0.1384, 2: 0.2187, 3: 0.2786, 4: 0.3523}",1,['STOP_INSPECTION'],0.0,0.0,Nominal (0% perturbation)
misspec_Nomi_015,FB7_Exposure_Aware_Planner,potato,DEPTH_CORRELATED,0.204,0.116,0.088,MARKDOWN,0.0,0.0,1.0,0.0,0.0,0.0,0.0,0.0,"{0: 0.0577, 1: 0.1233, 2: 0.2008, 3: 0.2654, 4: 0.3812}",1,['STOP_INSPECTION'],0.0,0.0,Nominal (0% perturbation)
misspec_Nomi_016,FB7_Exposure_Aware_Planner,potato,DEPTH_CORRELATED,0.2,0.116,0.084,MARKDOWN,0.0,0.0,1.0,0.0,0.0,0.0,0.0,0.0,"{0: 0.0517, 1: 0.1233, 2: 0.1964, 3: 0.2698, 4: 0.3622}",1,['STOP_INSPECTION'],0.0,0.0,Nominal (0% perturbation)
misspec_Nomi_017,FB7_Exposure_Aware_Planner,potato,DEPTH_CORRELATED,0.196,0.116,0.08,MARKDOWN,0.0,0.0,1.0,0.0,0.0,0.0,0.0,0.0,"{0: 0.0428, 1: 0.1005, 2: 0.2121, 3: 0.2844, 4: 0.3453}",1,['STOP_INSPECTION'],0.0,0.0,Nominal (0% perturbation)
misspec_Nomi_018,FB7_Exposure_Aware_Planner,potato,DEPTH_CORRELATED,0.212,0.116,0.096,MARKDOWN,0.0,0.0,1.0,0.0,0.0,0.0,0.0,0.0,"{0: 0.0539, 1: 0.138, 2: 0.2015, 3: 0.3083, 4: 0.3633}",1,['STOP_INSPECTION'],0.0,0.0,Nominal (0% perturbation)
misspec_Nomi_019,FB7_Exposure_Aware_Planner,potato,DEPTH_CORRELATED,0.212,0.116,0.096,MARKDOWN,0.0,0.0,1.0,0.0,0.0,0.0,0.0,0.0,"{0: 0.0336, 1: 0.1199, 2: 0.2264, 3: 0.294, 4: 0.3762}",1,['STOP_INSPECTION'],0.0,0.0,Nominal (0% perturbation)
misspec_Nomi_020,FB7_Exposure_Aware_Planner,potato,DEPTH_CORRELATED,0.2,0.116,0.084,MARKDOWN,0.0,0.0,1.0,0.0,0.0,0.0,0.0,0.0,"{0: 0.0599, 1: 0.1091, 2: 0.1961, 3: 0.2965, 4: 0.3424}",1,['STOP_INSPECTION'],0.0,0.0,Nominal (0% perturbation)
misspec_Nomi_021,FB7_Exposure_Aware_Planner,potato,DEPTH_CORRELATED,0.212,0.116,0.096,MARKDOWN,0.0,0.0,1.0,0.0,0.0,0.0,0.0,0.0,"{0: 0.0467, 1: 0.1328, 2: 0.1991, 3: 0.3045, 4: 0.3826}",1,['STOP_INSPECTION'],0.0,0.0,Nominal (0% perturbation)
misspec_Nomi_022,FB7_Exposure_Aware_Planner,potato,DEPTH_CORRELATED,0.204,0.116,0.088,MARKDOWN,0.0,0.0,1.0,0.0,0.0,0.0,0.0,0.0,"{0: 0.0361, 1: 0.1176, 2: 0.2122, 3: 0.2628, 4: 0.3735}",1,['STOP_INSPECTION'],0.0,0.0,Nominal (0% perturbation)
misspec_Nomi_023,FB7_Exposure_Aware_Planner,potato,DEPTH_CORRELATED,0.208,0.116,0.092,MARKDOWN,0.0,0.0,1.0,0.0,0.0,0.0,0.0,0.0,"{0: 0.0699, 1: 0.1308, 2: 0.1956, 3: 0.3064, 4: 0.3448}",1,['STOP_INSPECTION'],0.0,0.0,Nominal (0% perturbation)
misspec_Nomi_024,FB7_Exposure_Aware_Planner,potato,DEPTH_CORRELATED,0.208,0.116,0.092,MARKDOWN,0.0,0.0,1.0,0.0,0.0,0.0,0.0,0.0,"{0: 0.0655, 1: 0.1442, 2: 0.2237, 3: 0.2878, 4: 0.3497}",1,['STOP_INSPECTION'],0.0,0.0,Nominal (0% perturbation)
misspec_Nomi_025,FB7_Exposure_Aware_Planner,potato,DEPTH_CORRELATED,0.2,0.116,0.084,MARKDOWN,0.0,0.0,1.0,0.0,0.0,0.0,0.0,0.0,"{0: 0.0252, 1: 0.1208, 2: 0.2062, 3: 0.3067, 4: 0.3684}",1,['STOP_INSPECTION'],0.0,0.0,Nominal (0% perturbation)
misspec_Nomi_026,FB7_Exposure_Aware_Planner,potato,DEPTH_CORRELATED,0.196,0.116,0.08,MARKDOWN,0.0,0.0,1.0,0.0,0.0,0.0,0.0,0.0,"{0: 0.0406, 1: 0.1028, 2: 0.1815, 3: 0.2789, 4: 0.3767}",1,['STOP_INSPECTION'],0.0,0.0,Nominal (0% perturbation)
misspec_Nomi_027,FB7_Exposure_Aware_Planner,potato,DEPTH_CORRELATED,0.192,0.116,0.076,MARKDOWN,0.0,0.0,1.0,0.0,0.0,0.0,0.0,0.0,"{0: 0.0309, 1: 0.1045, 2: 0.2148, 3: 0.2623, 4: 0.3494}",1,['STOP_INSPECTION'],0.0,0.0,Nominal (0% perturbation)
misspec_Nomi_028,FB7_Exposure_Aware_Planner,potato,DEPTH_CORRELATED,0.208,0.116,0.092,MARKDOWN,0.0,0.0,1.0,0.0,0.0,0.0,0.0,0.0,"{0: 0.0668, 1: 0.1056, 2: 0.2222, 3: 0.3091, 4: 0.3552}",1,['STOP_INSPECTION'],0.0,0.0,Nominal (0% perturbation)
misspec_Nomi_029,FB7_Exposure_Aware_Planner,potato,DEPTH_CORRELATED,0.208,0.116,0.092,MARKDOWN,0.0,0.0,1.0,0.0,0.0,0.0,0.0,0.0,"{0: 0.0346, 1: 0.1373, 2: 0.2089, 3: 0.2888, 4: 0.3891}",1,['STOP_INSPECTION'],0.0,0.0,Nominal (0% perturbation)
misspec_Nomi_030,FB7_Exposure_Aware_Planner,potato,DEPTH_CORRELATED,0.2,0.116,0.084,MARKDOWN,0.0,0.0,1.0,0.0,0.0,0.0,0.0,0.0,"{0: 0.0208, 1: 0.1154, 2: 0.193, 3: 0.2766, 4: 0.3782}",1,['STOP_INSPECTION'],0.0,0.0,Nominal (0% perturbation)
misspec_Nomi_031,FB7_Exposure_Aware_Planner,potato,DEPTH_CORRELATED,0.2,0.116,0.084,MARKDOWN,0.0,0.0,1.0,0.0,0.0,0.0,0.0,0.0,"{0: 0.0482, 1: 0.132, 2: 0.2076, 3: 0.2855, 4: 0.3466}",1,['STOP_INSPECTION'],0.0,0.0,Nominal (0% perturbation)
misspec_Nomi_032,FB7_Exposure_Aware_Planner,potato,DEPTH_CORRELATED,0.196,0.116,0.08,MARKDOWN,0.0,0.0,1.0,0.0,0.0,0.0,0.0,0.0,"{0: 0.0287, 1: 0.1241, 2: 0.199, 3: 0.2876, 4: 0.3575}",1,['STOP_INSPECTION'],0.0,0.0,Nominal (0% perturbation)
misspec_Nomi_033,FB7_Exposure_Aware_Planner,potato,DEPTH_CORRELATED,0.212,0.116,0.096,MARKDOWN,0.0,0.0,1.0,0.0,0.0,0.0,0.0,0.0,"{0: 0.05, 1: 0.1332, 2: 0.22, 3: 0.2682, 4: 0.3872}",1,['STOP_INSPECTION'],0.0,0.0,Nominal (0% perturbation)
misspec_Nomi_034,FB7_Exposure_Aware_Planner,potato,DEPTH_CORRELATED,0.212,0.116,0.096,MARKDOWN,0.0,0.0,1.0,0.0,0.0,0.0,0.0,0.0,"{0: 0.0576, 1: 0.1398, 2: 0.1835, 3: 0.2932, 4: 0.3889}",1,['STOP_INSPECTION'],0.0,0.0,Nominal (0% perturbation)
misspec_Nomi_035,FB7_Exposure_Aware_Planner,potato,DEPTH_CORRELATED,0.212,0.116,0.096,MARKDOWN,0.0,0.0,1.0,0.0,0.0,0.0,0.0,0.0,"{0: 0.0418, 1: 0.1112, 2: 0.2174, 3: 0.3064, 4: 0.3841}",1,['STOP_INSPECTION'],0.0,0.0,Nominal (0% perturbation)
misspec_Nomi_036,FB7_Exposure_Aware_Planner,potato,DEPTH_CORRELATED,0.208,0.116,0.092,MARKDOWN,0.0,0.0,1.0,0.0,0.0,0.0,0.0,0.0,"{0: 0.0424, 1: 0.1125, 2: 0.1985, 3: 0.2984, 4: 0.3829}",1,['STOP_INSPECTION'],0.0,0.0,Nominal (0% perturbation)
misspec_Nomi_037,FB7_Exposure_Aware_Planner,potato,DEPTH_CORRELATED,0.208,0.116,0.092,MARKDOWN,0.0,0.0,1.0,0.0,0.0,0.0,0.0,0.0,"{0: 0.05, 1: 0.1195, 2: 0.2243, 3: 0.3091, 4: 0.3492}",1,['STOP_INSPECTION'],0.0,0.0,Nominal (0% perturbation)
misspec_Nomi_038,FB7_Exposure_Aware_Planner,potato,DEPTH_CORRELATED,0.204,0.116,0.088,MARKDOWN,0.0,0.0,1.0,0.0,0.0,0.0,0.0,0.0,"{0: 0.053, 1: 0.1081, 2: 0.2042, 3: 0.2771, 4: 0.3887}",1,['STOP_INSPECTION'],0.0,0.0,Nominal (0% perturbation)
misspec_Nomi_039,FB7_Exposure_Aware_Planner,potato,DEPTH_CORRELATED,0.204,0.116,0.088,MARKDOWN,0.0,0.0,1.0,0.0,0.0,0.0,0.0,0.0,"{0: 0.0504, 1: 0.1079, 2: 0.2143, 3: 0.2738, 4: 0.3698}",1,['STOP_INSPECTION'],0.0,0.0,Nominal (0% perturbation)
misspec_Deca_000,FB7_Exposure_Aware_Planner,potato,DEPTH_CORRELATED,0.204,0.116,0.088,MARKDOWN,0.0,0.0,1.0,0.0,0.0,0.0,0.0,0.0,"{0: 0.0501, 1: 0.1141, 2: 0.2271, 3: 0.2635, 4: 0.3678}",1,['STOP_INSPECTION'],0.0,0.0,Decay Underestimated (-30%)
misspec_Deca_001,FB7_Exposure_Aware_Planner,potato,DEPTH_CORRELATED,0.2,0.116,0.084,MARKDOWN,0.0,0.0,1.0,0.0,0.0,0.0,0.0,0.0,"{0: 0.0371, 1: 0.1088, 2: 0.227, 3: 0.2768, 4: 0.3697}",1,['STOP_INSPECTION'],0.0,0.0,Decay Underestimated (-30%)
misspec_Deca_002,FB7_Exposure_Aware_Planner,potato,DEPTH_CORRELATED,0.204,0.116,0.088,MARKDOWN,0.0,0.0,1.0,0.0,0.0,0.0,0.0,0.0,"{0: 0.0245, 1: 0.1334, 2: 0.2146, 3: 0.2833, 4: 0.3621}",1,['STOP_INSPECTION'],0.0,0.0,Decay Underestimated (-30%)
misspec_Deca_003,FB7_Exposure_Aware_Planner,potato,DEPTH_CORRELATED,0.196,0.116,0.08,MARKDOWN,0.0,0.0,1.0,0.0,0.0,0.0,0.0,0.0,"{0: 0.059, 1: 0.1194, 2: 0.1888, 3: 0.2762, 4: 0.3465}",1,['STOP_INSPECTION'],0.0,0.0,Decay Underestimated (-30%)
misspec_Deca_004,FB7_Exposure_Aware_Planner,potato,DEPTH_CORRELATED,0.196,0.116,0.08,MARKDOWN,0.0,0.0,1.0,0.0,0.0,0.0,0.0,0.0,"{0: 0.0616, 1: 0.1065, 2: 0.2078, 3: 0.2704, 4: 0.3488}",1,['STOP_INSPECTION'],0.0,0.0,Decay Underestimated (-30%)
misspec_Deca_005,FB7_Exposure_Aware_Planner,potato,DEPTH_CORRELATED,0.212,0.116,0.096,MARKDOWN,0.0,0.0,1.0,0.0,0.0,0.0,0.0,0.0,"{0: 0.0689, 1: 0.1445, 2: 0.1941, 3: 0.2986, 4: 0.3631}",1,['STOP_INSPECTION'],0.0,0.0,Decay Underestimated (-30%)
misspec_Deca_006,FB7_Exposure_Aware_Planner,potato,DEPTH_CORRELATED,0.196,0.116,0.08,MARKDOWN,0.0,0.0,1.0,0.0,0.0,0.0,0.0,0.0,"{0: 0.0687, 1: 0.1091, 2: 0.1829, 3: 0.2623, 4: 0.383}",1,['STOP_INSPECTION'],0.0,0.0,Decay Underestimated (-30%)
misspec_Deca_007,FB7_Exposure_Aware_Planner,potato,DEPTH_CORRELATED,0.204,0.116,0.088,MARKDOWN,0.0,0.0,1.0,0.0,0.0,0.0,0.0,0.0,"{0: 0.022, 1: 0.1445, 2: 0.208, 3: 0.2951, 4: 0.3512}",1,['STOP_INSPECTION'],0.0,0.0,Decay Underestimated (-30%)
misspec_Deca_008,FB7_Exposure_Aware_Planner,potato,DEPTH_CORRELATED,0.212,0.116,0.096,MARKDOWN,0.0,0.0,1.0,0.0,0.0,0.0,0.0,0.0,"{0: 0.0505, 1: 0.1195, 2: 0.2261, 3: 0.2877, 4: 0.3779}",1,['STOP_INSPECTION'],0.0,0.0,Decay Underestimated (-30%)
misspec_Deca_009,FB7_Exposure_Aware_Planner,potato,DEPTH_CORRELATED,0.204,0.116,0.088,MARKDOWN,0.0,0.0,1.0,0.0,0.0,0.0,0.0,0.0,"{0: 0.0663, 1: 0.1173, 2: 0.215, 3: 0.2787, 4: 0.3487}",1,['STOP_INSPECTION'],0.0,0.0,Decay Underestimated (-30%)
misspec_Deca_010,FB7_Exposure_Aware_Planner,potato,DEPTH_CORRELATED,0.196,0.116,0.08,MARKDOWN,0.0,0.0,1.0,0.0,0.0,0.0,0.0,0.0,"{0: 0.0274, 1: 0.1152, 2: 0.1986, 3: 0.2687, 4: 0.3713}",1,['STOP_INSPECTION'],0.0,0.0,Decay Underestimated (-30%)
misspec_Deca_011,FB7_Exposure_Aware_Planner,potato,DEPTH_CORRELATED,0.204,0.116,0.088,MARKDOWN,0.0,0.0,1.0,0.0,0.0,0.0,0.0,0.0,"{0: 0.0623, 1: 0.1157, 2: 0.1919, 3: 0.2865, 4: 0.3518}",1,['STOP_INSPECTION'],0.0,0.0,Decay Underestimated (-30%)
misspec_Deca_012,FB7_Exposure_Aware_Planner,potato,DEPTH_CORRELATED,0.208,0.116,0.092,MARKDOWN,0.0,0.0,1.0,0.0,0.0,0.0,0.0,0.0,"{0: 0.0602, 1: 0.1174, 2: 0.2296, 3: 0.2928, 4: 0.345}",1,['STOP_INSPECTION'],0.0,0.0,Decay Underestimated (-30%)
misspec_Deca_013,FB7_Exposure_Aware_Planner,potato,DEPTH_CORRELATED,0.196,0.116,0.08,MARKDOWN,0.0,0.0,1.0,0.0,0.0,0.0,0.0,0.0,"{0: 0.0259, 1: 0.107, 2: 0.2288, 3: 0.273, 4: 0.3636}",1,['STOP_INSPECTION'],0.0,0.0,Decay Underestimated (-30%)
misspec_Deca_014,FB7_Exposure_Aware_Planner,potato,DEPTH_CORRELATED,0.192,0.116,0.076,MARKDOWN,0.0,0.0,1.0,0.0,0.0,0.0,0.0,0.0,"{0: 0.0206, 1: 0.1116, 2: 0.2076, 3: 0.2656, 4: 0.3601}",1,['STOP_INSPECTION'],0.0,0.0,Decay Underestimated (-30%)
misspec_Deca_015,FB7_Exposure_Aware_Planner,potato,DEPTH_CORRELATED,0.196,0.116,0.08,MARKDOWN,0.0,0.0,1.0,0.0,0.0,0.0,0.0,0.0,"{0: 0.0677, 1: 0.1154, 2: 0.1843, 3: 0.2816, 4: 0.344}",1,['STOP_INSPECTION'],0.0,0.0,Decay Underestimated (-30%)
misspec_Deca_016,FB7_Exposure_Aware_Planner,potato,DEPTH_CORRELATED,0.204,0.116,0.088,MARKDOWN,0.0,0.0,1.0,0.0,0.0,0.0,0.0,0.0,"{0: 0.0206, 1: 0.1287, 2: 0.2266, 3: 0.2937, 4: 0.3596}",1,['STOP_INSPECTION'],0.0,0.0,Decay Underestimated (-30%)
misspec_Deca_017,FB7_Exposure_Aware_Planner,potato,DEPTH_CORRELATED,0.204,0.116,0.088,MARKDOWN,0.0,0.0,1.0,0.0,0.0,0.0,0.0,0.0,"{0: 0.0381, 1: 0.1046, 2: 0.2104, 3: 0.3052, 4: 0.3589}",1,['STOP_INSPECTION'],0.0,0.0,Decay Underestimated (-30%)
misspec_Deca_018,FB7_Exposure_Aware_Planner,potato,DEPTH_CORRELATED,0.2,0.116,0.084,MARKDOWN,0.0,0.0,1.0,0.0,0.0,0.0,0.0,0.0,"{0: 0.0206, 1: 0.1419, 2: 0.1995, 3: 0.2824, 4: 0.3516}",1,['STOP_INSPECTION'],0.0,0.0,Decay Underestimated (-30%)
misspec_Deca_019,FB7_Exposure_Aware_Planner,potato,DEPTH_CORRELATED,0.196,0.116,0.08,MARKDOWN,0.0,0.0,1.0,0.0,0.0,0.0,0.0,0.0,"{0: 0.0592, 1: 0.1168, 2: 0.1863, 3: 0.2873, 4: 0.3494}",1,['STOP_INSPECTION'],0.0,0.0,Decay Underestimated (-30%)
misspec_Deca_020,FB7_Exposure_Aware_Planner,potato,DEPTH_CORRELATED,0.216,0.116,0.1,MARKDOWN,0.0,0.0,1.0,0.0,0.0,0.0,0.0,0.0,"{0: 0.0513, 1: 0.1275, 2: 0.2285, 3: 0.2959, 4: 0.3724}",1,['STOP_INSPECTION'],0.0,0.0,Decay Underestimated (-30%)
misspec_Deca_021,FB7_Exposure_Aware_Planner,potato,DEPTH_CORRELATED,0.204,0.116,0.088,MARKDOWN,0.0,0.0,1.0,0.0,0.0,0.0,0.0,0.0,"{0: 0.0336, 1: 0.1165, 2: 0.2158, 3: 0.2651, 4: 0.3844}",1,['STOP_INSPECTION'],0.0,0.0,Decay Underestimated (-30%)
misspec_Deca_022,FB7_Exposure_Aware_Planner,potato,DEPTH_CORRELATED,0.208,0.116,0.092,MARKDOWN,0.0,0.0,1.0,0.0,0.0,0.0,0.0,0.0,"{0: 0.0548, 1: 0.1239, 2: 0.2232, 3: 0.2745, 4: 0.3606}",1,['STOP_INSPECTION'],0.0,0.0,Decay Underestimated (-30%)
misspec_Deca_023,FB7_Exposure_Aware_Planner,potato,DEPTH_CORRELATED,0.208,0.116,0.092,MARKDOWN,0.0,0.0,1.0,0.0,0.0,0.0,0.0,0.0,"{0: 0.0304, 1: 0.1102, 2: 0.2146, 3: 0.2725, 4: 0.3885}",1,['STOP_INSPECTION'],0.0,0.0,Decay Underestimated (-30%)
misspec_Deca_024,FB7_Exposure_Aware_Planner,potato,DEPTH_CORRELATED,0.216,0.116,0.1,MARKDOWN,0.0,0.0,1.0,0.0,0.0,0.0,0.0,0.0,"{0: 0.0385, 1: 0.1442, 2: 0.2223, 3: 0.2955, 4: 0.381}",1,['STOP_INSPECTION'],0.0,0.0,Decay Underestimated (-30%)
misspec_Deca_025,FB7_Exposure_Aware_Planner,potato,DEPTH_CORRELATED,0.2,0.116,0.084,MARKDOWN,0.0,0.0,1.0,0.0,0.0,0.0,0.0,0.0,"{0: 0.027, 1: 0.1424, 2: 0.1983, 3: 0.2867, 4: 0.3637}",1,['STOP_INSPECTION'],0.0,0.0,Decay Underestimated (-30%)
misspec_Deca_026,FB7_Exposure_Aware_Planner,potato,DEPTH_CORRELATED,0.2,0.116,0.084,MARKDOWN,0.0,0.0,1.0,0.0,0.0,0.0,0.0,0.0,"{0: 0.0506, 1: 0.1081, 2: 0.1801, 3: 0.2908, 4: 0.3614}",1,['STOP_INSPECTION'],0.0,0.0,Decay Underestimated (-30%)
misspec_Deca_027,FB7_Exposure_Aware_Planner,potato,DEPTH_CORRELATED,0.204,0.116,0.088,MARKDOWN,0.0,0.0,1.0,0.0,0.0,0.0,0.0,0.0,"{0: 0.0311, 1: 0.1141, 2: 0.2005, 3: 0.2849, 4: 0.3721}",1,['STOP_INSPECTION'],0.0,0.0,Decay Underestimated (-30%)
misspec_Deca_028,FB7_Exposure_Aware_Planner,potato,DEPTH_CORRELATED,0.204,0.116,0.088,MARKDOWN,0.0,0.0,1.0,0.0,0.0,0.0,0.0,0.0,"{0: 0.0487, 1: 0.1221, 2: 0.2132, 3: 0.2638, 4: 0.3729}",1,['STOP_INSPECTION'],0.0,0.0,Decay Underestimated (-30%)
misspec_Deca_029,FB7_Exposure_Aware_Planner,potato,DEPTH_CORRELATED,0.212,0.116,0.096,MARKDOWN,0.0,0.0,1.0,0.0,0.0,0.0,0.0,0.0,"{0: 0.0627, 1: 0.1018, 2: 0.2285, 3: 0.2946, 4: 0.3805}",1,['STOP_INSPECTION'],0.0,0.0,Decay Underestimated (-30%)
misspec_Deca_030,FB7_Exposure_Aware_Planner,potato,DEPTH_CORRELATED,0.208,0.116,0.092,MARKDOWN,0.0,0.0,1.0,0.0,0.0,0.0,0.0,0.0,"{0: 0.0424, 1: 0.1462, 2: 0.1981, 3: 0.2783, 4: 0.3871}",1,['STOP_INSPECTION'],0.0,0.0,Decay Underestimated (-30%)
misspec_Deca_031,FB7_Exposure_Aware_Planner,potato,DEPTH_CORRELATED,0.208,0.116,0.092,MARKDOWN,0.0,0.0,1.0,0.0,0.0,0.0,0.0,0.0,"{0: 0.0313, 1: 0.1415, 2: 0.2091, 3: 0.2981, 4: 0.3572}",1,['STOP_INSPECTION'],0.0,0.0,Decay Underestimated (-30%)
misspec_Deca_032,FB7_Exposure_Aware_Planner,potato,DEPTH_CORRELATED,0.2,0.116,0.084,MARKDOWN,0.0,0.0,1.0,0.0,0.0,0.0,0.0,0.0,"{0: 0.0371, 1: 0.1131, 2: 0.1982, 3: 0.308, 4: 0.3458}",1,['STOP_INSPECTION'],0.0,0.0,Decay Underestimated (-30%)
misspec_Deca_033,FB7_Exposure_Aware_Planner,potato,DEPTH_CORRELATED,0.2,0.116,0.084,MARKDOWN,0.0,0.0,1.0,0.0,0.0,0.0,0.0,0.0,"{0: 0.0379, 1: 0.1174, 2: 0.2179, 3: 0.2722, 4: 0.3498}",1,['STOP_INSPECTION'],0.0,0.0,Decay Underestimated (-30%)
misspec_Deca_034,FB7_Exposure_Aware_Planner,potato,DEPTH_CORRELATED,0.22,0.116,0.104,MARKDOWN,0.0,0.0,1.0,0.0,0.0,0.0,0.0,0.0,"{0: 0.0569, 1: 0.144, 2: 0.2275, 3: 0.2969, 4: 0.3733}",1,['STOP_INSPECTION'],0.0,0.0,Decay Underestimated (-30%)
misspec_Deca_035,FB7_Exposure_Aware_Planner,potato,DEPTH_CORRELATED,0.204,0.116,0.088,MARKDOWN,0.0,0.0,1.0,0.0,0.0,0.0,0.0,0.0,"{0: 0.0307, 1: 0.1496, 2: 0.2183, 3: 0.2757, 4: 0.3431}",1,['STOP_INSPECTION'],0.0,0.0,Decay Underestimated (-30%)
misspec_Deca_036,FB7_Exposure_Aware_Planner,potato,DEPTH_CORRELATED,0.192,0.116,0.076,MARKDOWN,0.0,0.0,1.0,0.0,0.0,0.0,0.0,0.0,"{0: 0.0426, 1: 0.1382, 2: 0.1872, 3: 0.262, 4: 0.3408}",1,['STOP_INSPECTION'],0.0,0.0,Decay Underestimated (-30%)
misspec_Deca_037,FB7_Exposure_Aware_Planner,potato,DEPTH_CORRELATED,0.2,0.116,0.084,MARKDOWN,0.0,0.0,1.0,0.0,0.0,0.0,0.0,0.0,"{0: 0.028, 1: 0.1272, 2: 0.2288, 3: 0.2969, 4: 0.3424}",1,['STOP_INSPECTION'],0.0,0.0,Decay Underestimated (-30%)
misspec_Deca_038,FB7_Exposure_Aware_Planner,potato,DEPTH_CORRELATED,0.208,0.116,0.092,MARKDOWN,0.0,0.0,1.0,0.0,0.0,0.0,0.0,0.0,"{0: 0.0524, 1: 0.1467, 2: 0.2041, 3: 0.29, 4: 0.3561}",1,['STOP_INSPECTION'],0.0,0.0,Decay Underestimated (-30%)
misspec_Deca_039,FB7_Exposure_Aware_Planner,potato,DEPTH_CORRELATED,0.208,0.116,0.092,MARKDOWN,0.0,0.0,1.0,0.0,0.0,0.0,0.0,0.0,"{0: 0.0555, 1: 0.1456, 2: 0.1877, 3: 0.2776, 4: 0.3729}",1,['STOP_INSPECTION'],0.0,0.0,Decay Underestimated (-30%)
misspec_Deca_000,FB7_Exposure_Aware_Planner,potato,DEPTH_CORRELATED,0.196,0.116,0.08,MARKDOWN,0.0,0.0,1.0,0.0,0.0,0.0,0.0,0.0,"{0: 0.0546, 1: 0.1043, 2: 0.1873, 3: 0.2749, 4: 0.3646}",1,['STOP_INSPECTION'],0.0,0.0,Decay Overestimated (+30%)
misspec_Deca_001,FB7_Exposure_Aware_Planner,potato,DEPTH_CORRELATED,0.204,0.116,0.088,MARKDOWN,0.0,0.0,1.0,0.0,0.0,0.0,0.0,0.0,"{0: 0.0313, 1: 0.1401, 2: 0.2124, 3: 0.2619, 4: 0.362}",1,['STOP_INSPECTION'],0.0,0.0,Decay Overestimated (+30%)
misspec_Deca_002,FB7_Exposure_Aware_Planner,potato,DEPTH_CORRELATED,0.216,0.116,0.1,MARKDOWN,0.0,0.0,1.0,0.0,0.0,0.0,0.0,0.0,"{0: 0.0688, 1: 0.13, 2: 0.2106, 3: 0.2921, 4: 0.3894}",1,['STOP_INSPECTION'],0.0,0.0,Decay Overestimated (+30%)
misspec_Deca_003,FB7_Exposure_Aware_Planner,potato,DEPTH_CORRELATED,0.204,0.116,0.088,MARKDOWN,0.0,0.0,1.0,0.0,0.0,0.0,0.0,0.0,"{0: 0.0677, 1: 0.1063, 2: 0.2159, 3: 0.2871, 4: 0.3532}",1,['STOP_INSPECTION'],0.0,0.0,Decay Overestimated (+30%)
misspec_Deca_004,FB7_Exposure_Aware_Planner,potato,DEPTH_CORRELATED,0.208,0.116,0.092,MARKDOWN,0.0,0.0,1.0,0.0,0.0,0.0,0.0,0.0,"{0: 0.0366, 1: 0.126, 2: 0.2228, 3: 0.2985, 4: 0.3682}",1,['STOP_INSPECTION'],0.0,0.0,Decay Overestimated (+30%)
misspec_Deca_005,FB7_Exposure_Aware_Planner,potato,DEPTH_CORRELATED,0.2,0.116,0.084,MARKDOWN,0.0,0.0,1.0,0.0,0.0,0.0,0.0,0.0,"{0: 0.0378, 1: 0.1403, 2: 0.1982, 3: 0.2868, 4: 0.3437}",1,['STOP_INSPECTION'],0.0,0.0,Decay Overestimated (+30%)
misspec_Deca_006,FB7_Exposure_Aware_Planner,potato,DEPTH_CORRELATED,0.192,0.116,0.076,MARKDOWN,0.0,0.0,1.0,0.0,0.0,0.0,0.0,0.0,"{0: 0.0277, 1: 0.1196, 2: 0.2028, 3: 0.2632, 4: 0.3563}",1,['STOP_INSPECTION'],0.0,0.0,Decay Overestimated (+30%)
misspec_Deca_007,FB7_Exposure_Aware_Planner,potato,DEPTH_CORRELATED,0.196,0.116,0.08,MARKDOWN,0.0,0.0,1.0,0.0,0.0,0.0,0.0,0.0,"{0: 0.0335, 1: 0.1082, 2: 0.1833, 3: 0.2872, 4: 0.3837}",1,['STOP_INSPECTION'],0.0,0.0,Decay Overestimated (+30%)
misspec_Deca_008,FB7_Exposure_Aware_Planner,potato,DEPTH_CORRELATED,0.216,0.116,0.1,MARKDOWN,0.0,0.0,1.0,0.0,0.0,0.0,0.0,0.0,"{0: 0.0675, 1: 0.1481, 2: 0.2173, 3: 0.2797, 4: 0.3776}",1,['STOP_INSPECTION'],0.0,0.0,Decay Overestimated (+30%)
misspec_Deca_009,FB7_Exposure_Aware_Planner,potato,DEPTH_CORRELATED,0.188,0.116,0.072,MARKDOWN,0.0,0.0,1.0,0.0,0.0,0.0,0.0,0.0,"{0: 0.0235, 1: 0.136, 2: 0.1875, 3: 0.2673, 4: 0.3499}",1,['STOP_INSPECTION'],0.0,0.0,Decay Overestimated (+30%)
misspec_Deca_010,FB7_Exposure_Aware_Planner,potato,DEPTH_CORRELATED,0.204,0.116,0.088,MARKDOWN,0.0,0.0,1.0,0.0,0.0,0.0,0.0,0.0,"{0: 0.0395, 1: 0.1183, 2: 0.2036, 3: 0.309, 4: 0.366}",1,['STOP_INSPECTION'],0.0,0.0,Decay Overestimated (+30%)
misspec_Deca_011,FB7_Exposure_Aware_Planner,potato,DEPTH_CORRELATED,0.212,0.116,0.096,MARKDOWN,0.0,0.0,1.0,0.0,0.0,0.0,0.0,0.0,"{0: 0.0628, 1: 0.1145, 2: 0.2121, 3: 0.2941, 4: 0.3635}",1,['STOP_INSPECTION'],0.0,0.0,Decay Overestimated (+30%)
misspec_Deca_012,FB7_Exposure_Aware_Planner,potato,DEPTH_CORRELATED,0.212,0.116,0.096,MARKDOWN,0.0,0.0,1.0,0.0,0.0,0.0,0.0,0.0,"{0: 0.0384, 1: 0.1401, 2: 0.2226, 3: 0.2746, 4: 0.3835}",1,['STOP_INSPECTION'],0.0,0.0,Decay Overestimated (+30%)
misspec_Deca_013,FB7_Exposure_Aware_Planner,potato,DEPTH_CORRELATED,0.212,0.116,0.096,MARKDOWN,0.0,0.0,1.0,0.0,0.0,0.0,0.0,0.0,"{0: 0.0318, 1: 0.1374, 2: 0.2215, 3: 0.2705, 4: 0.3729}",1,['STOP_INSPECTION'],0.0,0.0,Decay Overestimated (+30%)
misspec_Deca_014,FB7_Exposure_Aware_Planner,potato,DEPTH_CORRELATED,0.2,0.116,0.084,MARKDOWN,0.0,0.0,1.0,0.0,0.0,0.0,0.0,0.0,"{0: 0.0557, 1: 0.1063, 2: 0.1811, 3: 0.3033, 4: 0.3677}",1,['STOP_INSPECTION'],0.0,0.0,Decay Overestimated (+30%)
misspec_Deca_015,FB7_Exposure_Aware_Planner,potato,DEPTH_CORRELATED,0.196,0.116,0.08,MARKDOWN,0.0,0.0,1.0,0.0,0.0,0.0,0.0,0.0,"{0: 0.0307, 1: 0.1127, 2: 0.2087, 3: 0.2804, 4: 0.3449}",1,['STOP_INSPECTION'],0.0,0.0,Decay Overestimated (+30%)
misspec_Deca_016,FB7_Exposure_Aware_Planner,potato,DEPTH_CORRELATED,0.204,0.116,0.088,MARKDOWN,0.0,0.0,1.0,0.0,0.0,0.0,0.0,0.0,"{0: 0.0374, 1: 0.126, 2: 0.2047, 3: 0.274, 4: 0.3899}",1,['STOP_INSPECTION'],0.0,0.0,Decay Overestimated (+30%)
misspec_Deca_017,FB7_Exposure_Aware_Planner,potato,DEPTH_CORRELATED,0.204,0.116,0.088,MARKDOWN,0.0,0.0,1.0,0.0,0.0,0.0,0.0,0.0,"{0: 0.0357, 1: 0.1466, 2: 0.1857, 3: 0.3009, 4: 0.3655}",1,['STOP_INSPECTION'],0.0,0.0,Decay Overestimated (+30%)
misspec_Deca_018,FB7_Exposure_Aware_Planner,potato,DEPTH_CORRELATED,0.204,0.116,0.088,MARKDOWN,0.0,0.0,1.0,0.0,0.0,0.0,0.0,0.0,"{0: 0.0595, 1: 0.1329, 2: 0.1896, 3: 0.2755, 4: 0.3563}",1,['STOP_INSPECTION'],0.0,0.0,Decay Overestimated (+30%)
misspec_Deca_019,FB7_Exposure_Aware_Planner,potato,DEPTH_CORRELATED,0.196,0.116,0.08,MARKDOWN,0.0,0.0,1.0,0.0,0.0,0.0,0.0,0.0,"{0: 0.056, 1: 0.1122, 2: 0.1885, 3: 0.261, 4: 0.3566}",1,['STOP_INSPECTION'],0.0,0.0,Decay Overestimated (+30%)
misspec_Deca_020,FB7_Exposure_Aware_Planner,potato,DEPTH_CORRELATED,0.196,0.116,0.08,MARKDOWN,0.0,0.0,1.0,0.0,0.0,0.0,0.0,0.0,"{0: 0.0473, 1: 0.1038, 2: 0.2098, 3: 0.2761, 4: 0.3645}",1,['STOP_INSPECTION'],0.0,0.0,Decay Overestimated (+30%)
misspec_Deca_021,FB7_Exposure_Aware_Planner,potato,DEPTH_CORRELATED,0.204,0.116,0.088,MARKDOWN,0.0,0.0,1.0,0.0,0.0,0.0,0.0,0.0,"{0: 0.0431, 1: 0.1137, 2: 0.2233, 3: 0.306, 4: 0.3494}",1,['STOP_INSPECTION'],0.0,0.0,Decay Overestimated (+30%)
misspec_Deca_022,FB7_Exposure_Aware_Planner,potato,DEPTH_CORRELATED,0.208,0.116,0.092,MARKDOWN,0.0,0.0,1.0,0.0,0.0,0.0,0.0,0.0,"{0: 0.0636, 1: 0.1451, 2: 0.1995, 3: 0.3009, 4: 0.344}",1,['STOP_INSPECTION'],0.0,0.0,Decay Overestimated (+30%)
misspec_Deca_023,FB7_Exposure_Aware_Planner,potato,DEPTH_CORRELATED,0.192,0.116,0.076,MARKDOWN,0.0,0.0,1.0,0.0,0.0,0.0,0.0,0.0,"{0: 0.0333, 1: 0.1099, 2: 0.2005, 3: 0.2887, 4: 0.3406}",1,['STOP_INSPECTION'],0.0,0.0,Decay Overestimated (+30%)
misspec_Deca_024,FB7_Exposure_Aware_Planner,potato,DEPTH_CORRELATED,0.204,0.116,0.088,MARKDOWN,0.0,0.0,1.0,0.0,0.0,0.0,0.0,0.0,"{0: 0.0681, 1: 0.1315, 2: 0.1807, 3: 0.2738, 4: 0.3689}",1,['STOP_INSPECTION'],0.0,0.0,Decay Overestimated (+30%)
misspec_Deca_025,FB7_Exposure_Aware_Planner,potato,DEPTH_CORRELATED,0.196,0.116,0.08,MARKDOWN,0.0,0.0,1.0,0.0,0.0,0.0,0.0,0.0,"{0: 0.0638, 1: 0.1118, 2: 0.1895, 3: 0.2811, 4: 0.3465}",1,['STOP_INSPECTION'],0.0,0.0,Decay Overestimated (+30%)
misspec_Deca_026,FB7_Exposure_Aware_Planner,potato,DEPTH_CORRELATED,0.204,0.116,0.088,MARKDOWN,0.0,0.0,1.0,0.0,0.0,0.0,0.0,0.0,"{0: 0.0254, 1: 0.1364, 2: 0.2181, 3: 0.2858, 4: 0.3683}",1,['STOP_INSPECTION'],0.0,0.0,Decay Overestimated (+30%)
misspec_Deca_027,FB7_Exposure_Aware_Planner,potato,DEPTH_CORRELATED,0.204,0.116,0.088,MARKDOWN,0.0,0.0,1.0,0.0,0.0,0.0,0.0,0.0,"{0: 0.0585, 1: 0.103, 2: 0.2299, 3: 0.2897, 4: 0.3624}",1,['STOP_INSPECTION'],0.0,0.0,Decay Overestimated (+30%)
misspec_Deca_028,FB7_Exposure_Aware_Planner,potato,DEPTH_CORRELATED,0.208,0.116,0.092,MARKDOWN,0.0,0.0,1.0,0.0,0.0,0.0,0.0,0.0,"{0: 0.0431, 1: 0.1152, 2: 0.218, 3: 0.2946, 4: 0.3674}",1,['STOP_INSPECTION'],0.0,0.0,Decay Overestimated (+30%)
misspec_Deca_029,FB7_Exposure_Aware_Planner,potato,DEPTH_CORRELATED,0.204,0.116,0.088,MARKDOWN,0.0,0.0,1.0,0.0,0.0,0.0,0.0,0.0,"{0: 0.045, 1: 0.1499, 2: 0.2057, 3: 0.2765, 4: 0.3672}",1,['STOP_INSPECTION'],0.0,0.0,Decay Overestimated (+30%)
misspec_Deca_030,FB7_Exposure_Aware_Planner,potato,DEPTH_CORRELATED,0.2,0.116,0.084,MARKDOWN,0.0,0.0,1.0,0.0,0.0,0.0,0.0,0.0,"{0: 0.0489, 1: 0.1209, 2: 0.2186, 3: 0.2859, 4: 0.344}",1,['STOP_INSPECTION'],0.0,0.0,Decay Overestimated (+30%)
misspec_Deca_031,FB7_Exposure_Aware_Planner,potato,DEPTH_CORRELATED,0.208,0.116,0.092,MARKDOWN,0.0,0.0,1.0,0.0,0.0,0.0,0.0,0.0,"{0: 0.0599, 1: 0.1333, 2: 0.2044, 3: 0.2886, 4: 0.3514}",1,['STOP_INSPECTION'],0.0,0.0,Decay Overestimated (+30%)
misspec_Deca_032,FB7_Exposure_Aware_Planner,potato,DEPTH_CORRELATED,0.216,0.116,0.1,MARKDOWN,0.0,0.0,1.0,0.0,0.0,0.0,0.0,0.0,"{0: 0.0615, 1: 0.1493, 2: 0.2178, 3: 0.2949, 4: 0.3518}",1,['STOP_INSPECTION'],0.0,0.0,Decay Overestimated (+30%)
misspec_Deca_033,FB7_Exposure_Aware_Planner,potato,DEPTH_CORRELATED,0.208,0.116,0.092,MARKDOWN,0.0,0.0,1.0,0.0,0.0,0.0,0.0,0.0,"{0: 0.0319, 1: 0.129, 2: 0.2037, 3: 0.3087, 4: 0.3751}",1,['STOP_INSPECTION'],0.0,0.0,Decay Overestimated (+30%)
misspec_Deca_034,FB7_Exposure_Aware_Planner,potato,DEPTH_CORRELATED,0.204,0.116,0.088,MARKDOWN,0.0,0.0,1.0,0.0,0.0,0.0,0.0,0.0,"{0: 0.0578, 1: 0.1006, 2: 0.2161, 3: 0.3012, 4: 0.3446}",1,['STOP_INSPECTION'],0.0,0.0,Decay Overestimated (+30%)
misspec_Deca_035,FB7_Exposure_Aware_Planner,potato,DEPTH_CORRELATED,0.204,0.116,0.088,MARKDOWN,0.0,0.0,1.0,0.0,0.0,0.0,0.0,0.0,"{0: 0.0304, 1: 0.1425, 2: 0.1921, 3: 0.2677, 4: 0.3742}",1,['STOP_INSPECTION'],0.0,0.0,Decay Overestimated (+30%)
misspec_Deca_036,FB7_Exposure_Aware_Planner,potato,DEPTH_CORRELATED,0.208,0.116,0.092,MARKDOWN,0.0,0.0,1.0,0.0,0.0,0.0,0.0,0.0,"{0: 0.0604, 1: 0.1207, 2: 0.1814, 3: 0.2964, 4: 0.3854}",1,['STOP_INSPECTION'],0.0,0.0,Decay Overestimated (+30%)
misspec_Deca_037,FB7_Exposure_Aware_Planner,potato,DEPTH_CORRELATED,0.212,0.116,0.096,MARKDOWN,0.0,0.0,1.0,0.0,0.0,0.0,0.0,0.0,"{0: 0.0673, 1: 0.1492, 2: 0.1998, 3: 0.3004, 4: 0.351}",1,['STOP_INSPECTION'],0.0,0.0,Decay Overestimated (+30%)
misspec_Deca_038,FB7_Exposure_Aware_Planner,potato,DEPTH_CORRELATED,0.208,0.116,0.092,MARKDOWN,0.0,0.0,1.0,0.0,0.0,0.0,0.0,0.0,"{0: 0.0643, 1: 0.1018, 2: 0.2115, 3: 0.273, 4: 0.373}",1,['STOP_INSPECTION'],0.0,0.0,Decay Overestimated (+30%)
misspec_Deca_039,FB7_Exposure_Aware_Planner,potato,DEPTH_CORRELATED,0.208,0.116,0.092,MARKDOWN,0.0,0.0,1.0,0.0,0.0,0.0,0.0,0.0,"{0: 0.0285, 1: 0.1356, 2: 0.2247, 3: 0.2969, 4: 0.3587}",1,['STOP_INSPECTION'],0.0,0.0,Decay Overestimated (+30%)
misspec_Nois_000,FB7_Exposure_Aware_Planner,potato,DEPTH_CORRELATED,0.196,0.116,0.08,MARKDOWN,0.0,0.0,1.0,0.0,0.0,0.0,0.0,0.0,"{0: 0.0274, 1: 0.1036, 2: 0.2095, 3: 0.2779, 4: 0.3872}",1,['STOP_INSPECTION'],0.0,0.0,Noise Underestimated (-30%)
misspec_Nois_001,FB7_Exposure_Aware_Planner,potato,DEPTH_CORRELATED,0.208,0.116,0.092,MARKDOWN,0.0,0.0,1.0,0.0,0.0,0.0,0.0,0.0,"{0: 0.0213, 1: 0.1359, 2: 0.2176, 3: 0.3018, 4: 0.3603}",1,['STOP_INSPECTION'],0.0,0.0,Noise Underestimated (-30%)
misspec_Nois_002,FB7_Exposure_Aware_Planner,potato,DEPTH_CORRELATED,0.204,0.116,0.088,MARKDOWN,0.0,0.0,1.0,0.0,0.0,0.0,0.0,0.0,"{0: 0.0228, 1: 0.1121, 2: 0.205, 3: 0.299, 4: 0.3873}",1,['STOP_INSPECTION'],0.0,0.0,Noise Underestimated (-30%)
misspec_Nois_003,FB7_Exposure_Aware_Planner,potato,DEPTH_CORRELATED,0.212,0.116,0.096,MARKDOWN,0.0,0.0,1.0,0.0,0.0,0.0,0.0,0.0,"{0: 0.0613, 1: 0.1469, 2: 0.2039, 3: 0.3093, 4: 0.3695}",1,['STOP_INSPECTION'],0.0,0.0,Noise Underestimated (-30%)
misspec_Nois_004,FB7_Exposure_Aware_Planner,potato,DEPTH_CORRELATED,0.204,0.116,0.088,MARKDOWN,0.0,0.0,1.0,0.0,0.0,0.0,0.0,0.0,"{0: 0.0572, 1: 0.1444, 2: 0.2043, 3: 0.2636, 4: 0.353}",1,['STOP_INSPECTION'],0.0,0.0,Noise Underestimated (-30%)
misspec_Nois_005,FB7_Exposure_Aware_Planner,potato,DEPTH_CORRELATED,0.22,0.116,0.104,MARKDOWN,0.0,0.0,1.0,0.0,0.0,0.0,0.0,0.0,"{0: 0.0508, 1: 0.1346, 2: 0.2279, 3: 0.2975, 4: 0.3844}",1,['STOP_INSPECTION'],0.0,0.0,Noise Underestimated (-30%)
misspec_Nois_006,FB7_Exposure_Aware_Planner,potato,DEPTH_CORRELATED,0.204,0.116,0.088,MARKDOWN,0.0,0.0,1.0,0.0,0.0,0.0,0.0,0.0,"{0: 0.0274, 1: 0.1459, 2: 0.2043, 3: 0.2773, 4: 0.3725}",1,['STOP_INSPECTION'],0.0,0.0,Noise Underestimated (-30%)
misspec_Nois_007,FB7_Exposure_Aware_Planner,potato,DEPTH_CORRELATED,0.2,0.116,0.084,MARKDOWN,0.0,0.0,1.0,0.0,0.0,0.0,0.0,0.0,"{0: 0.0365, 1: 0.1192, 2: 0.2243, 3: 0.2691, 4: 0.3682}",1,['STOP_INSPECTION'],0.0,0.0,Noise Underestimated (-30%)
misspec_Nois_008,FB7_Exposure_Aware_Planner,potato,DEPTH_CORRELATED,0.216,0.116,0.1,MARKDOWN,0.0,0.0,1.0,0.0,0.0,0.0,0.0,0.0,"{0: 0.0512, 1: 0.1304, 2: 0.2004, 3: 0.3088, 4: 0.381}",1,['STOP_INSPECTION'],0.0,0.0,Noise Underestimated (-30%)
misspec_Nois_009,FB7_Exposure_Aware_Planner,potato,DEPTH_CORRELATED,0.2,0.116,0.084,MARKDOWN,0.0,0.0,1.0,0.0,0.0,0.0,0.0,0.0,"{0: 0.0389, 1: 0.1384, 2: 0.1817, 3: 0.2635, 4: 0.389}",1,['STOP_INSPECTION'],0.0,0.0,Noise Underestimated (-30%)
misspec_Nois_010,FB7_Exposure_Aware_Planner,potato,DEPTH_CORRELATED,0.204,0.116,0.088,MARKDOWN,0.0,0.0,1.0,0.0,0.0,0.0,0.0,0.0,"{0: 0.0517, 1: 0.1093, 2: 0.1827, 3: 0.2955, 4: 0.376}",1,['STOP_INSPECTION'],0.0,0.0,Noise Underestimated (-30%)
misspec_Nois_011,FB7_Exposure_Aware_Planner,potato,DEPTH_CORRELATED,0.208,0.116,0.092,MARKDOWN,0.0,0.0,1.0,0.0,0.0,0.0,0.0,0.0,"{0: 0.0577, 1: 0.1161, 2: 0.224, 3: 0.2888, 4: 0.3626}",1,['STOP_INSPECTION'],0.0,0.0,Noise Underestimated (-30%)
misspec_Nois_012,FB7_Exposure_Aware_Planner,potato,DEPTH_CORRELATED,0.192,0.116,0.076,MARKDOWN,0.0,0.0,1.0,0.0,0.0,0.0,0.0,0.0,"{0: 0.069, 1: 0.1036, 2: 0.1832, 3: 0.2633, 4: 0.3564}",1,['STOP_INSPECTION'],0.0,0.0,Noise Underestimated (-30%)
misspec_Nois_013,FB7_Exposure_Aware_Planner,potato,DEPTH_CORRELATED,0.208,0.116,0.092,MARKDOWN,0.0,0.0,1.0,0.0,0.0,0.0,0.0,0.0,"{0: 0.0697, 1: 0.101, 2: 0.2156, 3: 0.2896, 4: 0.3849}",1,['STOP_INSPECTION'],0.0,0.0,Noise Underestimated (-30%)
misspec_Nois_014,FB7_Exposure_Aware_Planner,potato,DEPTH_CORRELATED,0.2,0.116,0.084,MARKDOWN,0.0,0.0,1.0,0.0,0.0,0.0,0.0,0.0,"{0: 0.0696, 1: 0.146, 2: 0.1895, 3: 0.2707, 4: 0.3415}",1,['STOP_INSPECTION'],0.0,0.0,Noise Underestimated (-30%)
misspec_Nois_015,FB7_Exposure_Aware_Planner,potato,DEPTH_CORRELATED,0.204,0.116,0.088,MARKDOWN,0.0,0.0,1.0,0.0,0.0,0.0,0.0,0.0,"{0: 0.0336, 1: 0.1261, 2: 0.2044, 3: 0.2971, 4: 0.3567}",1,['STOP_INSPECTION'],0.0,0.0,Noise Underestimated (-30%)
misspec_Nois_016,FB7_Exposure_Aware_Planner,potato,DEPTH_CORRELATED,0.188,0.116,0.072,MARKDOWN,0.0,0.0,1.0,0.0,0.0,0.0,0.0,0.0,"{0: 0.0301, 1: 0.127, 2: 0.1871, 3: 0.2626, 4: 0.3414}",1,['STOP_INSPECTION'],0.0,0.0,Noise Underestimated (-30%)
misspec_Nois_017,FB7_Exposure_Aware_Planner,potato,DEPTH_CORRELATED,0.204,0.116,0.088,MARKDOWN,0.0,0.0,1.0,0.0,0.0,0.0,0.0,0.0,"{0: 0.0259, 1: 0.1472, 2: 0.2052, 3: 0.2737, 4: 0.3815}",1,['STOP_INSPECTION'],0.0,0.0,Noise Underestimated (-30%)
misspec_Nois_018,FB7_Exposure_Aware_Planner,potato,DEPTH_CORRELATED,0.2,0.116,0.084,MARKDOWN,0.0,0.0,1.0,0.0,0.0,0.0,0.0,0.0,"{0: 0.0309, 1: 0.1122, 2: 0.1928, 3: 0.2784, 4: 0.3613}",1,['STOP_INSPECTION'],0.0,0.0,Noise Underestimated (-30%)
misspec_Nois_019,FB7_Exposure_Aware_Planner,potato,DEPTH_CORRELATED,0.208,0.116,0.092,MARKDOWN,0.0,0.0,1.0,0.0,0.0,0.0,0.0,0.0,"{0: 0.049, 1: 0.1406, 2: 0.2162, 3: 0.2808, 4: 0.3656}",1,['STOP_INSPECTION'],0.0,0.0,Noise Underestimated (-30%)
misspec_Nois_020,FB7_Exposure_Aware_Planner,potato,DEPTH_CORRELATED,0.22,0.116,0.104,MARKDOWN,0.0,0.0,1.0,0.0,0.0,0.0,0.0,0.0,"{0: 0.0526, 1: 0.1439, 2: 0.2223, 3: 0.3009, 4: 0.3804}",1,['STOP_INSPECTION'],0.0,0.0,Noise Underestimated (-30%)
misspec_Nois_021,FB7_Exposure_Aware_Planner,potato,DEPTH_CORRELATED,0.208,0.116,0.092,MARKDOWN,0.0,0.0,1.0,0.0,0.0,0.0,0.0,0.0,"{0: 0.0549, 1: 0.1032, 2: 0.1985, 3: 0.3049, 4: 0.3857}",1,['STOP_INSPECTION'],0.0,0.0,Noise Underestimated (-30%)
misspec_Nois_022,FB7_Exposure_Aware_Planner,potato,DEPTH_CORRELATED,0.192,0.116,0.076,MARKDOWN,0.0,0.0,1.0,0.0,0.0,0.0,0.0,0.0,"{0: 0.0394, 1: 0.1214, 2: 0.1871, 3: 0.2851, 4: 0.344}",1,['STOP_INSPECTION'],0.0,0.0,Noise Underestimated (-30%)
misspec_Nois_023,FB7_Exposure_Aware_Planner,potato,DEPTH_CORRELATED,0.192,0.116,0.076,MARKDOWN,0.0,0.0,1.0,0.0,0.0,0.0,0.0,0.0,"{0: 0.0623, 1: 0.1047, 2: 0.1813, 3: 0.264, 4: 0.3561}",1,['STOP_INSPECTION'],0.0,0.0,Noise Underestimated (-30%)
misspec_Nois_024,FB7_Exposure_Aware_Planner,potato,DEPTH_CORRELATED,0.216,0.116,0.1,MARKDOWN,0.0,0.0,1.0,0.0,0.0,0.0,0.0,0.0,"{0: 0.0582, 1: 0.1343, 2: 0.2139, 3: 0.3038, 4: 0.358}",1,['STOP_INSPECTION'],0.0,0.0,Noise Underestimated (-30%)
misspec_Nois_025,FB7_Exposure_Aware_Planner,potato,DEPTH_CORRELATED,0.2,0.116,0.084,MARKDOWN,0.0,0.0,1.0,0.0,0.0,0.0,0.0,0.0,"{0: 0.0317, 1: 0.1075, 2: 0.2216, 3: 0.3024, 4: 0.3443}",1,['STOP_INSPECTION'],0.0,0.0,Noise Underestimated (-30%)
misspec_Nois_026,FB7_Exposure_Aware_Planner,potato,DEPTH_CORRELATED,0.212,0.116,0.096,MARKDOWN,0.0,0.0,1.0,0.0,0.0,0.0,0.0,0.0,"{0: 0.0401, 1: 0.1219, 2: 0.2149, 3: 0.304, 4: 0.3789}",1,['STOP_INSPECTION'],0.0,0.0,Noise Underestimated (-30%)
misspec_Nois_027,FB7_Exposure_Aware_Planner,potato,DEPTH_CORRELATED,0.196,0.116,0.08,MARKDOWN,0.0,0.0,1.0,0.0,0.0,0.0,0.0,0.0,"{0: 0.0678, 1: 0.1081, 2: 0.2168, 3: 0.2635, 4: 0.3476}",1,['STOP_INSPECTION'],0.0,0.0,Noise Underestimated (-30%)
misspec_Nois_028,FB7_Exposure_Aware_Planner,potato,DEPTH_CORRELATED,0.212,0.116,0.096,MARKDOWN,0.0,0.0,1.0,0.0,0.0,0.0,0.0,0.0,"{0: 0.0623, 1: 0.1163, 2: 0.2275, 3: 0.279, 4: 0.3751}",1,['STOP_INSPECTION'],0.0,0.0,Noise Underestimated (-30%)
misspec_Nois_029,FB7_Exposure_Aware_Planner,potato,DEPTH_CORRELATED,0.212,0.116,0.096,MARKDOWN,0.0,0.0,1.0,0.0,0.0,0.0,0.0,0.0,"{0: 0.0519, 1: 0.1194, 2: 0.2273, 3: 0.2984, 4: 0.3697}",1,['STOP_INSPECTION'],0.0,0.0,Noise Underestimated (-30%)
misspec_Nois_030,FB7_Exposure_Aware_Planner,potato,DEPTH_CORRELATED,0.204,0.116,0.088,MARKDOWN,0.0,0.0,1.0,0.0,0.0,0.0,0.0,0.0,"{0: 0.0437, 1: 0.1025, 2: 0.2245, 3: 0.2743, 4: 0.3888}",1,['STOP_INSPECTION'],0.0,0.0,Noise Underestimated (-30%)
misspec_Nois_031,FB7_Exposure_Aware_Planner,potato,DEPTH_CORRELATED,0.204,0.116,0.088,MARKDOWN,0.0,0.0,1.0,0.0,0.0,0.0,0.0,0.0,"{0: 0.0344, 1: 0.1151, 2: 0.1831, 3: 0.3081, 4: 0.3804}",1,['STOP_INSPECTION'],0.0,0.0,Noise Underestimated (-30%)
misspec_Nois_032,FB7_Exposure_Aware_Planner,potato,DEPTH_CORRELATED,0.208,0.116,0.092,MARKDOWN,0.0,0.0,1.0,0.0,0.0,0.0,0.0,0.0,"{0: 0.0657, 1: 0.1058, 2: 0.2027, 3: 0.2942, 4: 0.3771}",1,['STOP_INSPECTION'],0.0,0.0,Noise Underestimated (-30%)
misspec_Nois_033,FB7_Exposure_Aware_Planner,potato,DEPTH_CORRELATED,0.2,0.116,0.084,MARKDOWN,0.0,0.0,1.0,0.0,0.0,0.0,0.0,0.0,"{0: 0.0356, 1: 0.1102, 2: 0.2076, 3: 0.2949, 4: 0.3415}",1,['STOP_INSPECTION'],0.0,0.0,Noise Underestimated (-30%)
misspec_Nois_034,FB7_Exposure_Aware_Planner,potato,DEPTH_CORRELATED,0.196,0.116,0.08,MARKDOWN,0.0,0.0,1.0,0.0,0.0,0.0,0.0,0.0,"{0: 0.0319, 1: 0.1077, 2: 0.2036, 3: 0.3006, 4: 0.3468}",1,['STOP_INSPECTION'],0.0,0.0,Noise Underestimated (-30%)
misspec_Nois_035,FB7_Exposure_Aware_Planner,potato,DEPTH_CORRELATED,0.212,0.116,0.096,MARKDOWN,0.0,0.0,1.0,0.0,0.0,0.0,0.0,0.0,"{0: 0.0584, 1: 0.1249, 2: 0.2276, 3: 0.2913, 4: 0.3644}",1,['STOP_INSPECTION'],0.0,0.0,Noise Underestimated (-30%)
misspec_Nois_036,FB7_Exposure_Aware_Planner,potato,DEPTH_CORRELATED,0.208,0.116,0.092,MARKDOWN,0.0,0.0,1.0,0.0,0.0,0.0,0.0,0.0,"{0: 0.0204, 1: 0.1115, 2: 0.2135, 3: 0.3076, 4: 0.372}",1,['STOP_INSPECTION'],0.0,0.0,Noise Underestimated (-30%)
misspec_Nois_037,FB7_Exposure_Aware_Planner,potato,DEPTH_CORRELATED,0.204,0.116,0.088,MARKDOWN,0.0,0.0,1.0,0.0,0.0,0.0,0.0,0.0,"{0: 0.0346, 1: 0.1211, 2: 0.22, 3: 0.2886, 4: 0.3505}",1,['STOP_INSPECTION'],0.0,0.0,Noise Underestimated (-30%)
misspec_Nois_038,FB7_Exposure_Aware_Planner,potato,DEPTH_CORRELATED,0.212,0.116,0.096,MARKDOWN,0.0,0.0,1.0,0.0,0.0,0.0,0.0,0.0,"{0: 0.0476, 1: 0.1126, 2: 0.2199, 3: 0.2973, 4: 0.3793}",1,['STOP_INSPECTION'],0.0,0.0,Noise Underestimated (-30%)
misspec_Nois_039,FB7_Exposure_Aware_Planner,potato,DEPTH_CORRELATED,0.204,0.116,0.088,MARKDOWN,0.0,0.0,1.0,0.0,0.0,0.0,0.0,0.0,"{0: 0.0547, 1: 0.1088, 2: 0.2037, 3: 0.2908, 4: 0.3543}",1,['STOP_INSPECTION'],0.0,0.0,Noise Underestimated (-30%)
misspec_Nois_000,FB7_Exposure_Aware_Planner,potato,DEPTH_CORRELATED,0.212,0.116,0.096,MARKDOWN,0.0,0.0,1.0,0.0,0.0,0.0,0.0,0.0,"{0: 0.0687, 1: 0.1373, 2: 0.1902, 3: 0.2818, 4: 0.3842}",1,['STOP_INSPECTION'],0.0,0.0,Noise Overestimated (+30%)
misspec_Nois_001,FB7_Exposure_Aware_Planner,potato,DEPTH_CORRELATED,0.208,0.116,0.092,MARKDOWN,0.0,0.0,1.0,0.0,0.0,0.0,0.0,0.0,"{0: 0.0561, 1: 0.1181, 2: 0.2079, 3: 0.293, 4: 0.3648}",1,['STOP_INSPECTION'],0.0,0.0,Noise Overestimated (+30%)
misspec_Nois_002,FB7_Exposure_Aware_Planner,potato,DEPTH_CORRELATED,0.212,0.116,0.096,MARKDOWN,0.0,0.0,1.0,0.0,0.0,0.0,0.0,0.0,"{0: 0.0482, 1: 0.12, 2: 0.2182, 3: 0.3001, 4: 0.3878}",1,['STOP_INSPECTION'],0.0,0.0,Noise Overestimated (+30%)
misspec_Nois_003,FB7_Exposure_Aware_Planner,potato,DEPTH_CORRELATED,0.188,0.116,0.072,MARKDOWN,0.0,0.0,1.0,0.0,0.0,0.0,0.0,0.0,"{0: 0.0281, 1: 0.1214, 2: 0.1828, 3: 0.2711, 4: 0.3403}",1,['STOP_INSPECTION'],0.0,0.0,Noise Overestimated (+30%)
misspec_Nois_004,FB7_Exposure_Aware_Planner,potato,DEPTH_CORRELATED,0.204,0.116,0.088,MARKDOWN,0.0,0.0,1.0,0.0,0.0,0.0,0.0,0.0,"{0: 0.0526, 1: 0.1121, 2: 0.2239, 3: 0.267, 4: 0.3663}",1,['STOP_INSPECTION'],0.0,0.0,Noise Overestimated (+30%)
misspec_Nois_005,FB7_Exposure_Aware_Planner,potato,DEPTH_CORRELATED,0.196,0.116,0.08,MARKDOWN,0.0,0.0,1.0,0.0,0.0,0.0,0.0,0.0,"{0: 0.047, 1: 0.1045, 2: 0.1876, 3: 0.2974, 4: 0.355}",1,['STOP_INSPECTION'],0.0,0.0,Noise Overestimated (+30%)
misspec_Nois_006,FB7_Exposure_Aware_Planner,potato,DEPTH_CORRELATED,0.204,0.116,0.088,MARKDOWN,0.0,0.0,1.0,0.0,0.0,0.0,0.0,0.0,"{0: 0.0286, 1: 0.12, 2: 0.2203, 3: 0.2711, 4: 0.3824}",1,['STOP_INSPECTION'],0.0,0.0,Noise Overestimated (+30%)
misspec_Nois_007,FB7_Exposure_Aware_Planner,potato,DEPTH_CORRELATED,0.212,0.116,0.096,MARKDOWN,0.0,0.0,1.0,0.0,0.0,0.0,0.0,0.0,"{0: 0.0688, 1: 0.1454, 2: 0.1924, 3: 0.2767, 4: 0.3872}",1,['STOP_INSPECTION'],0.0,0.0,Noise Overestimated (+30%)
misspec_Nois_008,FB7_Exposure_Aware_Planner,potato,DEPTH_CORRELATED,0.188,0.116,0.072,MARKDOWN,0.0,0.0,1.0,0.0,0.0,0.0,0.0,0.0,"{0: 0.0212, 1: 0.1206, 2: 0.1871, 3: 0.2708, 4: 0.3409}",1,['STOP_INSPECTION'],0.0,0.0,Noise Overestimated (+30%)
misspec_Nois_009,FB7_Exposure_Aware_Planner,potato,DEPTH_CORRELATED,0.212,0.116,0.096,MARKDOWN,0.0,0.0,1.0,0.0,0.0,0.0,0.0,0.0,"{0: 0.0617, 1: 0.1309, 2: 0.2204, 3: 0.2757, 4: 0.3517}",1,['STOP_INSPECTION'],0.0,0.0,Noise Overestimated (+30%)
misspec_Nois_010,FB7_Exposure_Aware_Planner,potato,DEPTH_CORRELATED,0.212,0.116,0.096,MARKDOWN,0.0,0.0,1.0,0.0,0.0,0.0,0.0,0.0,"{0: 0.0445, 1: 0.1347, 2: 0.2157, 3: 0.295, 4: 0.3542}",1,['STOP_INSPECTION'],0.0,0.0,Noise Overestimated (+30%)
misspec_Nois_011,FB7_Exposure_Aware_Planner,potato,DEPTH_CORRELATED,0.196,0.116,0.08,MARKDOWN,0.0,0.0,1.0,0.0,0.0,0.0,0.0,0.0,"{0: 0.0219, 1: 0.1178, 2: 0.2162, 3: 0.2847, 4: 0.3414}",1,['STOP_INSPECTION'],0.0,0.0,Noise Overestimated (+30%)
misspec_Nois_012,FB7_Exposure_Aware_Planner,potato,DEPTH_CORRELATED,0.208,0.116,0.092,MARKDOWN,0.0,0.0,1.0,0.0,0.0,0.0,0.0,0.0,"{0: 0.0488, 1: 0.1343, 2: 0.1837, 3: 0.3071, 4: 0.3734}",1,['STOP_INSPECTION'],0.0,0.0,Noise Overestimated (+30%)
misspec_Nois_013,FB7_Exposure_Aware_Planner,potato,DEPTH_CORRELATED,0.2,0.116,0.084,MARKDOWN,0.0,0.0,1.0,0.0,0.0,0.0,0.0,0.0,"{0: 0.0242, 1: 0.1372, 2: 0.1809, 3: 0.3086, 4: 0.3509}",1,['STOP_INSPECTION'],0.0,0.0,Noise Overestimated (+30%)
misspec_Nois_014,FB7_Exposure_Aware_Planner,potato,DEPTH_CORRELATED,0.208,0.116,0.092,MARKDOWN,0.0,0.0,1.0,0.0,0.0,0.0,0.0,0.0,"{0: 0.0502, 1: 0.1365, 2: 0.1844, 3: 0.2803, 4: 0.3817}",1,['STOP_INSPECTION'],0.0,0.0,Noise Overestimated (+30%)
misspec_Nois_015,FB7_Exposure_Aware_Planner,potato,DEPTH_CORRELATED,0.208,0.116,0.092,MARKDOWN,0.0,0.0,1.0,0.0,0.0,0.0,0.0,0.0,"{0: 0.0352, 1: 0.1368, 2: 0.1989, 3: 0.2853, 4: 0.3892}",1,['STOP_INSPECTION'],0.0,0.0,Noise Overestimated (+30%)
misspec_Nois_016,FB7_Exposure_Aware_Planner,potato,DEPTH_CORRELATED,0.212,0.116,0.096,MARKDOWN,0.0,0.0,1.0,0.0,0.0,0.0,0.0,0.0,"{0: 0.0543, 1: 0.1315, 2: 0.2226, 3: 0.2668, 4: 0.3796}",1,['STOP_INSPECTION'],0.0,0.0,Noise Overestimated (+30%)
misspec_Nois_017,FB7_Exposure_Aware_Planner,potato,DEPTH_CORRELATED,0.2,0.116,0.084,MARKDOWN,0.0,0.0,1.0,0.0,0.0,0.0,0.0,0.0,"{0: 0.0337, 1: 0.1217, 2: 0.1847, 3: 0.2907, 4: 0.3531}",1,['STOP_INSPECTION'],0.0,0.0,Noise Overestimated (+30%)
misspec_Nois_018,FB7_Exposure_Aware_Planner,potato,DEPTH_CORRELATED,0.2,0.116,0.084,MARKDOWN,0.0,0.0,1.0,0.0,0.0,0.0,0.0,0.0,"{0: 0.0413, 1: 0.119, 2: 0.2099, 3: 0.2704, 4: 0.3523}",1,['STOP_INSPECTION'],0.0,0.0,Noise Overestimated (+30%)
misspec_Nois_019,FB7_Exposure_Aware_Planner,potato,DEPTH_CORRELATED,0.204,0.116,0.088,MARKDOWN,0.0,0.0,1.0,0.0,0.0,0.0,0.0,0.0,"{0: 0.0337, 1: 0.1034, 2: 0.2205, 3: 0.2804, 4: 0.3854}",1,['STOP_INSPECTION'],0.0,0.0,Noise Overestimated (+30%)
misspec_Nois_020,FB7_Exposure_Aware_Planner,potato,DEPTH_CORRELATED,0.208,0.116,0.092,MARKDOWN,0.0,0.0,1.0,0.0,0.0,0.0,0.0,0.0,"{0: 0.0609, 1: 0.1421, 2: 0.2264, 3: 0.2865, 4: 0.3475}",1,['STOP_INSPECTION'],0.0,0.0,Noise Overestimated (+30%)
misspec_Nois_021,FB7_Exposure_Aware_Planner,potato,DEPTH_CORRELATED,0.204,0.116,0.088,MARKDOWN,0.0,0.0,1.0,0.0,0.0,0.0,0.0,0.0,"{0: 0.0533, 1: 0.1065, 2: 0.2256, 3: 0.2785, 4: 0.35}",1,['STOP_INSPECTION'],0.0,0.0,Noise Overestimated (+30%)
misspec_Nois_022,FB7_Exposure_Aware_Planner,potato,DEPTH_CORRELATED,0.196,0.116,0.08,MARKDOWN,0.0,0.0,1.0,0.0,0.0,0.0,0.0,0.0,"{0: 0.0361, 1: 0.103, 2: 0.1934, 3: 0.2721, 4: 0.3549}",1,['STOP_INSPECTION'],0.0,0.0,Noise Overestimated (+30%)
misspec_Nois_023,FB7_Exposure_Aware_Planner,potato,DEPTH_CORRELATED,0.204,0.116,0.088,MARKDOWN,0.0,0.0,1.0,0.0,0.0,0.0,0.0,0.0,"{0: 0.0595, 1: 0.1065, 2: 0.1932, 3: 0.2855, 4: 0.3818}",1,['STOP_INSPECTION'],0.0,0.0,Noise Overestimated (+30%)
misspec_Nois_024,FB7_Exposure_Aware_Planner,potato,DEPTH_CORRELATED,0.208,0.116,0.092,MARKDOWN,0.0,0.0,1.0,0.0,0.0,0.0,0.0,0.0,"{0: 0.0432, 1: 0.1273, 2: 0.2093, 3: 0.3009, 4: 0.3834}",1,['STOP_INSPECTION'],0.0,0.0,Noise Overestimated (+30%)
misspec_Nois_025,FB7_Exposure_Aware_Planner,potato,DEPTH_CORRELATED,0.2,0.116,0.084,MARKDOWN,0.0,0.0,1.0,0.0,0.0,0.0,0.0,0.0,"{0: 0.0498, 1: 0.1267, 2: 0.1946, 3: 0.2916, 4: 0.349}",1,['STOP_INSPECTION'],0.0,0.0,Noise Overestimated (+30%)
misspec_Nois_026,FB7_Exposure_Aware_Planner,potato,DEPTH_CORRELATED,0.2,0.116,0.084,MARKDOWN,0.0,0.0,1.0,0.0,0.0,0.0,0.0,0.0,"{0: 0.0291, 1: 0.1245, 2: 0.2283, 3: 0.2936, 4: 0.3455}",1,['STOP_INSPECTION'],0.0,0.0,Noise Overestimated (+30%)
misspec_Nois_027,FB7_Exposure_Aware_Planner,potato,DEPTH_CORRELATED,0.2,0.116,0.084,MARKDOWN,0.0,0.0,1.0,0.0,0.0,0.0,0.0,0.0,"{0: 0.0364, 1: 0.1046, 2: 0.1803, 3: 0.3028, 4: 0.3701}",1,['STOP_INSPECTION'],0.0,0.0,Noise Overestimated (+30%)
misspec_Nois_028,FB7_Exposure_Aware_Planner,potato,DEPTH_CORRELATED,0.208,0.116,0.092,MARKDOWN,0.0,0.0,1.0,0.0,0.0,0.0,0.0,0.0,"{0: 0.0316, 1: 0.1376, 2: 0.2283, 3: 0.2987, 4: 0.3418}",1,['STOP_INSPECTION'],0.0,0.0,Noise Overestimated (+30%)
misspec_Nois_029,FB7_Exposure_Aware_Planner,potato,DEPTH_CORRELATED,0.212,0.116,0.096,MARKDOWN,0.0,0.0,1.0,0.0,0.0,0.0,0.0,0.0,"{0: 0.0643, 1: 0.1351, 2: 0.2155, 3: 0.2641, 4: 0.3897}",1,['STOP_INSPECTION'],0.0,0.0,Noise Overestimated (+30%)
misspec_Nois_030,FB7_Exposure_Aware_Planner,potato,DEPTH_CORRELATED,0.204,0.116,0.088,MARKDOWN,0.0,0.0,1.0,0.0,0.0,0.0,0.0,0.0,"{0: 0.0372, 1: 0.1419, 2: 0.1891, 3: 0.3092, 4: 0.3558}",1,['STOP_INSPECTION'],0.0,0.0,Noise Overestimated (+30%)
misspec_Nois_031,FB7_Exposure_Aware_Planner,potato,DEPTH_CORRELATED,0.192,0.116,0.076,MARKDOWN,0.0,0.0,1.0,0.0,0.0,0.0,0.0,0.0,"{0: 0.0206, 1: 0.1017, 2: 0.212, 3: 0.2864, 4: 0.3465}",1,['STOP_INSPECTION'],0.0,0.0,Noise Overestimated (+30%)
misspec_Nois_032,FB7_Exposure_Aware_Planner,potato,DEPTH_CORRELATED,0.208,0.116,0.092,MARKDOWN,0.0,0.0,1.0,0.0,0.0,0.0,0.0,0.0,"{0: 0.0451, 1: 0.1172, 2: 0.2157, 3: 0.3034, 4: 0.3575}",1,['STOP_INSPECTION'],0.0,0.0,Noise Overestimated (+30%)
misspec_Nois_033,FB7_Exposure_Aware_Planner,potato,DEPTH_CORRELATED,0.208,0.116,0.092,MARKDOWN,0.0,0.0,1.0,0.0,0.0,0.0,0.0,0.0,"{0: 0.0514, 1: 0.1078, 2: 0.1936, 3: 0.2914, 4: 0.3883}",1,['STOP_INSPECTION'],0.0,0.0,Noise Overestimated (+30%)
misspec_Nois_034,FB7_Exposure_Aware_Planner,potato,DEPTH_CORRELATED,0.22,0.116,0.104,MARKDOWN,0.0,0.0,1.0,0.0,0.0,0.0,0.0,0.0,"{0: 0.054, 1: 0.1484, 2: 0.2238, 3: 0.2957, 4: 0.3748}",1,['STOP_INSPECTION'],0.0,0.0,Noise Overestimated (+30%)
misspec_Nois_035,FB7_Exposure_Aware_Planner,potato,DEPTH_CORRELATED,0.212,0.116,0.096,MARKDOWN,0.0,0.0,1.0,0.0,0.0,0.0,0.0,0.0,"{0: 0.0601, 1: 0.1371, 2: 0.2077, 3: 0.3005, 4: 0.3623}",1,['STOP_INSPECTION'],0.0,0.0,Noise Overestimated (+30%)
misspec_Nois_036,FB7_Exposure_Aware_Planner,potato,DEPTH_CORRELATED,0.204,0.116,0.088,MARKDOWN,0.0,0.0,1.0,0.0,0.0,0.0,0.0,0.0,"{0: 0.0326, 1: 0.1048, 2: 0.1998, 3: 0.3016, 4: 0.3768}",1,['STOP_INSPECTION'],0.0,0.0,Noise Overestimated (+30%)
misspec_Nois_037,FB7_Exposure_Aware_Planner,potato,DEPTH_CORRELATED,0.204,0.116,0.088,MARKDOWN,0.0,0.0,1.0,0.0,0.0,0.0,0.0,0.0,"{0: 0.0466, 1: 0.1267, 2: 0.1836, 3: 0.2948, 4: 0.3793}",1,['STOP_INSPECTION'],0.0,0.0,Noise Overestimated (+30%)
misspec_Nois_038,FB7_Exposure_Aware_Planner,potato,DEPTH_CORRELATED,0.2,0.116,0.084,MARKDOWN,0.0,0.0,1.0,0.0,0.0,0.0,0.0,0.0,"{0: 0.0274, 1: 0.1125, 2: 0.211, 3: 0.2765, 4: 0.3609}",1,['STOP_INSPECTION'],0.0,0.0,Noise Overestimated (+30%)
misspec_Nois_039,FB7_Exposure_Aware_Planner,potato,DEPTH_CORRELATED,0.2,0.116,0.084,MARKDOWN,0.0,0.0,1.0,0.0,0.0,0.0,0.0,0.0,"{0: 0.0299, 1: 0.1106, 2: 0.1983, 3: 0.2803, 4: 0.3731}",1,['STOP_INSPECTION'],0.0,0.0,Noise Overestimated (+30%)
