lot_id,planner,commodity,pattern,true_overall_defect_rate,estimated_defect_rate,residual_risk,chosen_disposition,is_false_accept,is_false_reject,is_correct,disposition_penalty,inspection_cost,deterioration_loss,total_disposition_loss,cumulative_exposure_sec,strata_defect_breakdown,steps_taken,action_sequence,total_spent_inr,elapsed_inspection_time_sec,perturbation,trial_idx
misspec_000,FB7_Exposure_Aware_Planner,potato,DEPTH_CORRELATED,0.208,0.116,0.092,MARKDOWN,0.0,0.0,1.0,0.0,0.0,0.0,0.0,0.0,"{0: 0.0454, 1: 0.1001, 2: 0.2185, 3: 0.3048, 4: 0.3896}",1,['STOP_INSPECTION'],0.0,0.0,Nominal (Correct Model),0
misspec_001,FB7_Exposure_Aware_Planner,potato,DEPTH_CORRELATED,0.204,0.116,0.088,MARKDOWN,0.0,0.0,1.0,0.0,0.0,0.0,0.0,0.0,"{0: 0.0572, 1: 0.1204, 2: 0.1845, 3: 0.2978, 4: 0.3616}",1,['STOP_INSPECTION'],0.0,0.0,Nominal (Correct Model),1
misspec_002,FB7_Exposure_Aware_Planner,potato,DEPTH_CORRELATED,0.204,0.116,0.088,MARKDOWN,0.0,0.0,1.0,0.0,0.0,0.0,0.0,0.0,"{0: 0.0275, 1: 0.1316, 2: 0.2093, 3: 0.3013, 4: 0.3628}",1,['STOP_INSPECTION'],0.0,0.0,Nominal (Correct Model),2
misspec_003,FB7_Exposure_Aware_Planner,potato,DEPTH_CORRELATED,0.212,0.116,0.096,MARKDOWN,0.0,0.0,1.0,0.0,0.0,0.0,0.0,0.0,"{0: 0.0592, 1: 0.1141, 2: 0.2255, 3: 0.2727, 4: 0.3806}",1,['STOP_INSPECTION'],0.0,0.0,Nominal (Correct Model),3
misspec_004,FB7_Exposure_Aware_Planner,potato,DEPTH_CORRELATED,0.208,0.116,0.092,MARKDOWN,0.0,0.0,1.0,0.0,0.0,0.0,0.0,0.0,"{0: 0.0348, 1: 0.1312, 2: 0.2289, 3: 0.2871, 4: 0.3589}",1,['STOP_INSPECTION'],0.0,0.0,Nominal (Correct Model),4
misspec_005,FB7_Exposure_Aware_Planner,potato,DEPTH_CORRELATED,0.208,0.116,0.092,MARKDOWN,0.0,0.0,1.0,0.0,0.0,0.0,0.0,0.0,"{0: 0.0492, 1: 0.1475, 2: 0.1871, 3: 0.3037, 4: 0.3728}",1,['STOP_INSPECTION'],0.0,0.0,Nominal (Correct Model),5
misspec_006,FB7_Exposure_Aware_Planner,potato,DEPTH_CORRELATED,0.204,0.116,0.088,MARKDOWN,0.0,0.0,1.0,0.0,0.0,0.0,0.0,0.0,"{0: 0.0286, 1: 0.1348, 2: 0.2244, 3: 0.2656, 4: 0.3794}",1,['STOP_INSPECTION'],0.0,0.0,Nominal (Correct Model),6
misspec_007,FB7_Exposure_Aware_Planner,potato,DEPTH_CORRELATED,0.196,0.116,0.08,MARKDOWN,0.0,0.0,1.0,0.0,0.0,0.0,0.0,0.0,"{0: 0.0201, 1: 0.1422, 2: 0.1982, 3: 0.2685, 4: 0.3581}",1,['STOP_INSPECTION'],0.0,0.0,Nominal (Correct Model),7
misspec_008,FB7_Exposure_Aware_Planner,potato,DEPTH_CORRELATED,0.2,0.116,0.084,MARKDOWN,0.0,0.0,1.0,0.0,0.0,0.0,0.0,0.0,"{0: 0.043, 1: 0.1185, 2: 0.2138, 3: 0.2639, 4: 0.3648}",1,['STOP_INSPECTION'],0.0,0.0,Nominal (Correct Model),8
misspec_009,FB7_Exposure_Aware_Planner,potato,DEPTH_CORRELATED,0.204,0.116,0.088,MARKDOWN,0.0,0.0,1.0,0.0,0.0,0.0,0.0,0.0,"{0: 0.053, 1: 0.1455, 2: 0.2191, 3: 0.2646, 4: 0.3418}",1,['STOP_INSPECTION'],0.0,0.0,Nominal (Correct Model),9
misspec_010,FB7_Exposure_Aware_Planner,potato,DEPTH_CORRELATED,0.212,0.116,0.096,MARKDOWN,0.0,0.0,1.0,0.0,0.0,0.0,0.0,0.0,"{0: 0.0526, 1: 0.1384, 2: 0.2288, 3: 0.2865, 4: 0.3578}",1,['STOP_INSPECTION'],0.0,0.0,Nominal (Correct Model),10
misspec_011,FB7_Exposure_Aware_Planner,potato,DEPTH_CORRELATED,0.192,0.116,0.076,MARKDOWN,0.0,0.0,1.0,0.0,0.0,0.0,0.0,0.0,"{0: 0.0472, 1: 0.1007, 2: 0.197, 3: 0.2777, 4: 0.3477}",1,['STOP_INSPECTION'],0.0,0.0,Nominal (Correct Model),11
misspec_012,FB7_Exposure_Aware_Planner,potato,DEPTH_CORRELATED,0.208,0.116,0.092,MARKDOWN,0.0,0.0,1.0,0.0,0.0,0.0,0.0,0.0,"{0: 0.0469, 1: 0.1338, 2: 0.1988, 3: 0.291, 4: 0.3635}",1,['STOP_INSPECTION'],0.0,0.0,Nominal (Correct Model),12
misspec_013,FB7_Exposure_Aware_Planner,potato,DEPTH_CORRELATED,0.2,0.116,0.084,MARKDOWN,0.0,0.0,1.0,0.0,0.0,0.0,0.0,0.0,"{0: 0.0462, 1: 0.1132, 2: 0.2052, 3: 0.2887, 4: 0.3508}",1,['STOP_INSPECTION'],0.0,0.0,Nominal (Correct Model),13
misspec_014,FB7_Exposure_Aware_Planner,potato,DEPTH_CORRELATED,0.208,0.116,0.092,MARKDOWN,0.0,0.0,1.0,0.0,0.0,0.0,0.0,0.0,"{0: 0.049, 1: 0.1426, 2: 0.2049, 3: 0.2818, 4: 0.3798}",1,['STOP_INSPECTION'],0.0,0.0,Nominal (Correct Model),14
misspec_015,FB7_Exposure_Aware_Planner,potato,DEPTH_CORRELATED,0.208,0.116,0.092,MARKDOWN,0.0,0.0,1.0,0.0,0.0,0.0,0.0,0.0,"{0: 0.0498, 1: 0.1185, 2: 0.2232, 3: 0.2829, 4: 0.3854}",1,['STOP_INSPECTION'],0.0,0.0,Nominal (Correct Model),15
misspec_016,FB7_Exposure_Aware_Planner,potato,DEPTH_CORRELATED,0.22,0.116,0.104,MARKDOWN,0.0,0.0,1.0,0.0,0.0,0.0,0.0,0.0,"{0: 0.0514, 1: 0.1303, 2: 0.2259, 3: 0.2955, 4: 0.3843}",1,['STOP_INSPECTION'],0.0,0.0,Nominal (Correct Model),16
misspec_017,FB7_Exposure_Aware_Planner,potato,DEPTH_CORRELATED,0.196,0.116,0.08,MARKDOWN,0.0,0.0,1.0,0.0,0.0,0.0,0.0,0.0,"{0: 0.0403, 1: 0.1053, 2: 0.22, 3: 0.2631, 4: 0.3678}",1,['STOP_INSPECTION'],0.0,0.0,Nominal (Correct Model),17
misspec_018,FB7_Exposure_Aware_Planner,potato,DEPTH_CORRELATED,0.208,0.116,0.092,MARKDOWN,0.0,0.0,1.0,0.0,0.0,0.0,0.0,0.0,"{0: 0.0422, 1: 0.1258, 2: 0.2102, 3: 0.2967, 4: 0.3559}",1,['STOP_INSPECTION'],0.0,0.0,Nominal (Correct Model),18
misspec_019,FB7_Exposure_Aware_Planner,potato,DEPTH_CORRELATED,0.196,0.116,0.08,MARKDOWN,0.0,0.0,1.0,0.0,0.0,0.0,0.0,0.0,"{0: 0.0268, 1: 0.128, 2: 0.1914, 3: 0.3056, 4: 0.3481}",1,['STOP_INSPECTION'],0.0,0.0,Nominal (Correct Model),19
misspec_020,FB7_Exposure_Aware_Planner,potato,DEPTH_CORRELATED,0.208,0.116,0.092,MARKDOWN,0.0,0.0,1.0,0.0,0.0,0.0,0.0,0.0,"{0: 0.0276, 1: 0.1397, 2: 0.2269, 3: 0.2991, 4: 0.3638}",1,['STOP_INSPECTION'],0.0,0.0,Nominal (Correct Model),20
misspec_021,FB7_Exposure_Aware_Planner,potato,DEPTH_CORRELATED,0.204,0.116,0.088,MARKDOWN,0.0,0.0,1.0,0.0,0.0,0.0,0.0,0.0,"{0: 0.069, 1: 0.1157, 2: 0.2068, 3: 0.2927, 4: 0.3488}",1,['STOP_INSPECTION'],0.0,0.0,Nominal (Correct Model),21
misspec_022,FB7_Exposure_Aware_Planner,potato,DEPTH_CORRELATED,0.204,0.116,0.088,MARKDOWN,0.0,0.0,1.0,0.0,0.0,0.0,0.0,0.0,"{0: 0.048, 1: 0.1211, 2: 0.2001, 3: 0.2769, 4: 0.3714}",1,['STOP_INSPECTION'],0.0,0.0,Nominal (Correct Model),22
misspec_023,FB7_Exposure_Aware_Planner,potato,DEPTH_CORRELATED,0.208,0.116,0.092,MARKDOWN,0.0,0.0,1.0,0.0,0.0,0.0,0.0,0.0,"{0: 0.0545, 1: 0.129, 2: 0.195, 3: 0.2813, 4: 0.3719}",1,['STOP_INSPECTION'],0.0,0.0,Nominal (Correct Model),23
misspec_024,FB7_Exposure_Aware_Planner,potato,DEPTH_CORRELATED,0.184,0.116,0.068,MARKDOWN,0.0,0.0,1.0,0.0,0.0,0.0,0.0,0.0,"{0: 0.0245, 1: 0.1091, 2: 0.1889, 3: 0.2795, 4: 0.3414}",1,['STOP_INSPECTION'],0.0,0.0,Nominal (Correct Model),24
misspec_025,FB7_Exposure_Aware_Planner,potato,DEPTH_CORRELATED,0.216,0.116,0.1,MARKDOWN,0.0,0.0,1.0,0.0,0.0,0.0,0.0,0.0,"{0: 0.0568, 1: 0.1305, 2: 0.212, 3: 0.3077, 4: 0.3602}",1,['STOP_INSPECTION'],0.0,0.0,Nominal (Correct Model),25
misspec_026,FB7_Exposure_Aware_Planner,potato,DEPTH_CORRELATED,0.212,0.116,0.096,MARKDOWN,0.0,0.0,1.0,0.0,0.0,0.0,0.0,0.0,"{0: 0.0443, 1: 0.1438, 2: 0.191, 3: 0.3088, 4: 0.3732}",1,['STOP_INSPECTION'],0.0,0.0,Nominal (Correct Model),26
misspec_027,FB7_Exposure_Aware_Planner,potato,DEPTH_CORRELATED,0.196,0.116,0.08,MARKDOWN,0.0,0.0,1.0,0.0,0.0,0.0,0.0,0.0,"{0: 0.0262, 1: 0.1049, 2: 0.1898, 3: 0.306, 4: 0.3742}",1,['STOP_INSPECTION'],0.0,0.0,Nominal (Correct Model),27
misspec_028,FB7_Exposure_Aware_Planner,potato,DEPTH_CORRELATED,0.192,0.116,0.076,MARKDOWN,0.0,0.0,1.0,0.0,0.0,0.0,0.0,0.0,"{0: 0.0203, 1: 0.1027, 2: 0.2056, 3: 0.2785, 4: 0.3527}",1,['STOP_INSPECTION'],0.0,0.0,Nominal (Correct Model),28
misspec_029,FB7_Exposure_Aware_Planner,potato,DEPTH_CORRELATED,0.22,0.116,0.104,MARKDOWN,0.0,0.0,1.0,0.0,0.0,0.0,0.0,0.0,"{0: 0.0547, 1: 0.1397, 2: 0.2237, 3: 0.2962, 4: 0.3858}",1,['STOP_INSPECTION'],0.0,0.0,Nominal (Correct Model),29
misspec_030,FB7_Exposure_Aware_Planner,potato,DEPTH_CORRELATED,0.196,0.116,0.08,MARKDOWN,0.0,0.0,1.0,0.0,0.0,0.0,0.0,0.0,"{0: 0.0338, 1: 0.1259, 2: 0.2011, 3: 0.2883, 4: 0.3485}",1,['STOP_INSPECTION'],0.0,0.0,Nominal (Correct Model),30
misspec_031,FB7_Exposure_Aware_Planner,potato,DEPTH_CORRELATED,0.204,0.116,0.088,MARKDOWN,0.0,0.0,1.0,0.0,0.0,0.0,0.0,0.0,"{0: 0.0398, 1: 0.1236, 2: 0.2213, 3: 0.2627, 4: 0.3724}",1,['STOP_INSPECTION'],0.0,0.0,Nominal (Correct Model),31
misspec_032,FB7_Exposure_Aware_Planner,potato,DEPTH_CORRELATED,0.196,0.116,0.08,MARKDOWN,0.0,0.0,1.0,0.0,0.0,0.0,0.0,0.0,"{0: 0.0615, 1: 0.1148, 2: 0.1957, 3: 0.2616, 4: 0.348}",1,['STOP_INSPECTION'],0.0,0.0,Nominal (Correct Model),32
misspec_033,FB7_Exposure_Aware_Planner,potato,DEPTH_CORRELATED,0.2,0.116,0.084,MARKDOWN,0.0,0.0,1.0,0.0,0.0,0.0,0.0,0.0,"{0: 0.0551, 1: 0.1247, 2: 0.1892, 3: 0.2873, 4: 0.3537}",1,['STOP_INSPECTION'],0.0,0.0,Nominal (Correct Model),33
misspec_034,FB7_Exposure_Aware_Planner,potato,DEPTH_CORRELATED,0.192,0.116,0.076,MARKDOWN,0.0,0.0,1.0,0.0,0.0,0.0,0.0,0.0,"{0: 0.0322, 1: 0.1245, 2: 0.185, 3: 0.2867, 4: 0.3414}",1,['STOP_INSPECTION'],0.0,0.0,Nominal (Correct Model),34
misspec_035,FB7_Exposure_Aware_Planner,potato,DEPTH_CORRELATED,0.204,0.116,0.088,MARKDOWN,0.0,0.0,1.0,0.0,0.0,0.0,0.0,0.0,"{0: 0.0215, 1: 0.1391, 2: 0.2228, 3: 0.2717, 4: 0.3663}",1,['STOP_INSPECTION'],0.0,0.0,Nominal (Correct Model),35
misspec_036,FB7_Exposure_Aware_Planner,potato,DEPTH_CORRELATED,0.188,0.116,0.072,MARKDOWN,0.0,0.0,1.0,0.0,0.0,0.0,0.0,0.0,"{0: 0.0342, 1: 0.1244, 2: 0.1828, 3: 0.2608, 4: 0.3414}",1,['STOP_INSPECTION'],0.0,0.0,Nominal (Correct Model),36
misspec_037,FB7_Exposure_Aware_Planner,potato,DEPTH_CORRELATED,0.212,0.116,0.096,MARKDOWN,0.0,0.0,1.0,0.0,0.0,0.0,0.0,0.0,"{0: 0.068, 1: 0.1475, 2: 0.1972, 3: 0.3096, 4: 0.3513}",1,['STOP_INSPECTION'],0.0,0.0,Nominal (Correct Model),37
misspec_038,FB7_Exposure_Aware_Planner,potato,DEPTH_CORRELATED,0.204,0.116,0.088,MARKDOWN,0.0,0.0,1.0,0.0,0.0,0.0,0.0,0.0,"{0: 0.0419, 1: 0.1261, 2: 0.1928, 3: 0.276, 4: 0.3854}",1,['STOP_INSPECTION'],0.0,0.0,Nominal (Correct Model),38
misspec_039,FB7_Exposure_Aware_Planner,potato,DEPTH_CORRELATED,0.196,0.116,0.08,MARKDOWN,0.0,0.0,1.0,0.0,0.0,0.0,0.0,0.0,"{0: 0.0406, 1: 0.1426, 2: 0.1828, 3: 0.2645, 4: 0.3515}",1,['STOP_INSPECTION'],0.0,0.0,Nominal (Correct Model),39
misspec_040,FB7_Exposure_Aware_Planner,potato,DEPTH_CORRELATED,0.208,0.116,0.092,MARKDOWN,0.0,0.0,1.0,0.0,0.0,0.0,0.0,0.0,"{0: 0.0489, 1: 0.1389, 2: 0.1902, 3: 0.3006, 4: 0.366}",1,['STOP_INSPECTION'],0.0,0.0,Nominal (Correct Model),40
misspec_041,FB7_Exposure_Aware_Planner,potato,DEPTH_CORRELATED,0.212,0.116,0.096,MARKDOWN,0.0,0.0,1.0,0.0,0.0,0.0,0.0,0.0,"{0: 0.0609, 1: 0.1329, 2: 0.2217, 3: 0.2734, 4: 0.3686}",1,['STOP_INSPECTION'],0.0,0.0,Nominal (Correct Model),41
misspec_042,FB7_Exposure_Aware_Planner,potato,DEPTH_CORRELATED,0.208,0.116,0.092,MARKDOWN,0.0,0.0,1.0,0.0,0.0,0.0,0.0,0.0,"{0: 0.064, 1: 0.1241, 2: 0.2092, 3: 0.2769, 4: 0.3885}",1,['STOP_INSPECTION'],0.0,0.0,Nominal (Correct Model),42
misspec_043,FB7_Exposure_Aware_Planner,potato,DEPTH_CORRELATED,0.212,0.116,0.096,MARKDOWN,0.0,0.0,1.0,0.0,0.0,0.0,0.0,0.0,"{0: 0.0662, 1: 0.1116, 2: 0.1965, 3: 0.3013, 4: 0.376}",1,['STOP_INSPECTION'],0.0,0.0,Nominal (Correct Model),43
misspec_044,FB7_Exposure_Aware_Planner,potato,DEPTH_CORRELATED,0.208,0.116,0.092,MARKDOWN,0.0,0.0,1.0,0.0,0.0,0.0,0.0,0.0,"{0: 0.0606, 1: 0.1389, 2: 0.1997, 3: 0.3013, 4: 0.3484}",1,['STOP_INSPECTION'],0.0,0.0,Nominal (Correct Model),44
misspec_045,FB7_Exposure_Aware_Planner,potato,DEPTH_CORRELATED,0.204,0.116,0.088,MARKDOWN,0.0,0.0,1.0,0.0,0.0,0.0,0.0,0.0,"{0: 0.034, 1: 0.1362, 2: 0.1804, 3: 0.2835, 4: 0.3749}",1,['STOP_INSPECTION'],0.0,0.0,Nominal (Correct Model),45
misspec_046,FB7_Exposure_Aware_Planner,potato,DEPTH_CORRELATED,0.208,0.116,0.092,MARKDOWN,0.0,0.0,1.0,0.0,0.0,0.0,0.0,0.0,"{0: 0.0419, 1: 0.1139, 2: 0.1928, 3: 0.3099, 4: 0.3834}",1,['STOP_INSPECTION'],0.0,0.0,Nominal (Correct Model),46
misspec_047,FB7_Exposure_Aware_Planner,potato,DEPTH_CORRELATED,0.208,0.116,0.092,MARKDOWN,0.0,0.0,1.0,0.0,0.0,0.0,0.0,0.0,"{0: 0.0437, 1: 0.1216, 2: 0.2163, 3: 0.2769, 4: 0.3787}",1,['STOP_INSPECTION'],0.0,0.0,Nominal (Correct Model),47
misspec_048,FB7_Exposure_Aware_Planner,potato,DEPTH_CORRELATED,0.196,0.116,0.08,MARKDOWN,0.0,0.0,1.0,0.0,0.0,0.0,0.0,0.0,"{0: 0.0491, 1: 0.1397, 2: 0.1859, 3: 0.2687, 4: 0.3656}",1,['STOP_INSPECTION'],0.0,0.0,Nominal (Correct Model),48
misspec_049,FB7_Exposure_Aware_Planner,potato,DEPTH_CORRELATED,0.2,0.116,0.084,MARKDOWN,0.0,0.0,1.0,0.0,0.0,0.0,0.0,0.0,"{0: 0.044, 1: 0.1374, 2: 0.1854, 3: 0.2611, 4: 0.3788}",1,['STOP_INSPECTION'],0.0,0.0,Nominal (Correct Model),49
misspec_000,FB7_Exposure_Aware_Planner,potato,DEPTH_CORRELATED,0.204,0.116,0.088,MARKDOWN,0.0,0.0,1.0,0.0,0.0,0.0,0.0,0.0,"{0: 0.0682, 1: 0.1127, 2: 0.227, 3: 0.2651, 4: 0.3662}",1,['STOP_INSPECTION'],0.0,0.0,Underestimated Decay (Assumes 0.6x),0
misspec_001,FB7_Exposure_Aware_Planner,potato,DEPTH_CORRELATED,0.2,0.116,0.084,MARKDOWN,0.0,0.0,1.0,0.0,0.0,0.0,0.0,0.0,"{0: 0.0343, 1: 0.1116, 2: 0.1875, 3: 0.3093, 4: 0.3556}",1,['STOP_INSPECTION'],0.0,0.0,Underestimated Decay (Assumes 0.6x),1
misspec_002,FB7_Exposure_Aware_Planner,potato,DEPTH_CORRELATED,0.2,0.116,0.084,MARKDOWN,0.0,0.0,1.0,0.0,0.0,0.0,0.0,0.0,"{0: 0.0533, 1: 0.1006, 2: 0.1952, 3: 0.2886, 4: 0.3554}",1,['STOP_INSPECTION'],0.0,0.0,Underestimated Decay (Assumes 0.6x),2
misspec_003,FB7_Exposure_Aware_Planner,potato,DEPTH_CORRELATED,0.2,0.116,0.084,MARKDOWN,0.0,0.0,1.0,0.0,0.0,0.0,0.0,0.0,"{0: 0.0358, 1: 0.1145, 2: 0.2059, 3: 0.3067, 4: 0.3477}",1,['STOP_INSPECTION'],0.0,0.0,Underestimated Decay (Assumes 0.6x),3
misspec_004,FB7_Exposure_Aware_Planner,potato,DEPTH_CORRELATED,0.196,0.116,0.08,MARKDOWN,0.0,0.0,1.0,0.0,0.0,0.0,0.0,0.0,"{0: 0.0241, 1: 0.1476, 2: 0.2013, 3: 0.2862, 4: 0.3484}",1,['STOP_INSPECTION'],0.0,0.0,Underestimated Decay (Assumes 0.6x),4
misspec_005,FB7_Exposure_Aware_Planner,potato,DEPTH_CORRELATED,0.2,0.116,0.084,MARKDOWN,0.0,0.0,1.0,0.0,0.0,0.0,0.0,0.0,"{0: 0.0322, 1: 0.1057, 2: 0.2029, 3: 0.2997, 4: 0.3541}",1,['STOP_INSPECTION'],0.0,0.0,Underestimated Decay (Assumes 0.6x),5
misspec_006,FB7_Exposure_Aware_Planner,potato,DEPTH_CORRELATED,0.212,0.116,0.096,MARKDOWN,0.0,0.0,1.0,0.0,0.0,0.0,0.0,0.0,"{0: 0.066, 1: 0.1108, 2: 0.2281, 3: 0.2769, 4: 0.3822}",1,['STOP_INSPECTION'],0.0,0.0,Underestimated Decay (Assumes 0.6x),6
misspec_007,FB7_Exposure_Aware_Planner,potato,DEPTH_CORRELATED,0.204,0.116,0.088,MARKDOWN,0.0,0.0,1.0,0.0,0.0,0.0,0.0,0.0,"{0: 0.0411, 1: 0.1091, 2: 0.2006, 3: 0.2905, 4: 0.3743}",1,['STOP_INSPECTION'],0.0,0.0,Underestimated Decay (Assumes 0.6x),7
misspec_008,FB7_Exposure_Aware_Planner,potato,DEPTH_CORRELATED,0.204,0.116,0.088,MARKDOWN,0.0,0.0,1.0,0.0,0.0,0.0,0.0,0.0,"{0: 0.0647, 1: 0.1049, 2: 0.2252, 3: 0.2818, 4: 0.3662}",1,['STOP_INSPECTION'],0.0,0.0,Underestimated Decay (Assumes 0.6x),8
misspec_009,FB7_Exposure_Aware_Planner,potato,DEPTH_CORRELATED,0.208,0.116,0.092,MARKDOWN,0.0,0.0,1.0,0.0,0.0,0.0,0.0,0.0,"{0: 0.0457, 1: 0.1373, 2: 0.2079, 3: 0.2807, 4: 0.3741}",1,['STOP_INSPECTION'],0.0,0.0,Underestimated Decay (Assumes 0.6x),9
misspec_010,FB7_Exposure_Aware_Planner,potato,DEPTH_CORRELATED,0.204,0.116,0.088,MARKDOWN,0.0,0.0,1.0,0.0,0.0,0.0,0.0,0.0,"{0: 0.039, 1: 0.1135, 2: 0.2169, 3: 0.2718, 4: 0.3682}",1,['STOP_INSPECTION'],0.0,0.0,Underestimated Decay (Assumes 0.6x),10
misspec_011,FB7_Exposure_Aware_Planner,potato,DEPTH_CORRELATED,0.212,0.116,0.096,MARKDOWN,0.0,0.0,1.0,0.0,0.0,0.0,0.0,0.0,"{0: 0.0473, 1: 0.1406, 2: 0.2226, 3: 0.2842, 4: 0.3745}",1,['STOP_INSPECTION'],0.0,0.0,Underestimated Decay (Assumes 0.6x),11
misspec_012,FB7_Exposure_Aware_Planner,potato,DEPTH_CORRELATED,0.2,0.116,0.084,MARKDOWN,0.0,0.0,1.0,0.0,0.0,0.0,0.0,0.0,"{0: 0.0269, 1: 0.1119, 2: 0.2097, 3: 0.3062, 4: 0.3656}",1,['STOP_INSPECTION'],0.0,0.0,Underestimated Decay (Assumes 0.6x),12
misspec_013,FB7_Exposure_Aware_Planner,potato,DEPTH_CORRELATED,0.204,0.116,0.088,MARKDOWN,0.0,0.0,1.0,0.0,0.0,0.0,0.0,0.0,"{0: 0.0317, 1: 0.1403, 2: 0.2131, 3: 0.2843, 4: 0.3486}",1,['STOP_INSPECTION'],0.0,0.0,Underestimated Decay (Assumes 0.6x),13
misspec_014,FB7_Exposure_Aware_Planner,potato,DEPTH_CORRELATED,0.208,0.116,0.092,MARKDOWN,0.0,0.0,1.0,0.0,0.0,0.0,0.0,0.0,"{0: 0.0694, 1: 0.1178, 2: 0.2215, 3: 0.3027, 4: 0.3452}",1,['STOP_INSPECTION'],0.0,0.0,Underestimated Decay (Assumes 0.6x),14
misspec_015,FB7_Exposure_Aware_Planner,potato,DEPTH_CORRELATED,0.208,0.116,0.092,MARKDOWN,0.0,0.0,1.0,0.0,0.0,0.0,0.0,0.0,"{0: 0.0287, 1: 0.1323, 2: 0.1988, 3: 0.3009, 4: 0.3753}",1,['STOP_INSPECTION'],0.0,0.0,Underestimated Decay (Assumes 0.6x),15
misspec_016,FB7_Exposure_Aware_Planner,potato,DEPTH_CORRELATED,0.212,0.116,0.096,MARKDOWN,0.0,0.0,1.0,0.0,0.0,0.0,0.0,0.0,"{0: 0.0519, 1: 0.1401, 2: 0.1895, 3: 0.2993, 4: 0.3829}",1,['STOP_INSPECTION'],0.0,0.0,Underestimated Decay (Assumes 0.6x),16
misspec_017,FB7_Exposure_Aware_Planner,potato,DEPTH_CORRELATED,0.208,0.116,0.092,MARKDOWN,0.0,0.0,1.0,0.0,0.0,0.0,0.0,0.0,"{0: 0.0318, 1: 0.1412, 2: 0.2073, 3: 0.2704, 4: 0.3854}",1,['STOP_INSPECTION'],0.0,0.0,Underestimated Decay (Assumes 0.6x),17
misspec_018,FB7_Exposure_Aware_Planner,potato,DEPTH_CORRELATED,0.212,0.116,0.096,MARKDOWN,0.0,0.0,1.0,0.0,0.0,0.0,0.0,0.0,"{0: 0.0671, 1: 0.1382, 2: 0.216, 3: 0.2778, 4: 0.3683}",1,['STOP_INSPECTION'],0.0,0.0,Underestimated Decay (Assumes 0.6x),18
misspec_019,FB7_Exposure_Aware_Planner,potato,DEPTH_CORRELATED,0.188,0.116,0.072,MARKDOWN,0.0,0.0,1.0,0.0,0.0,0.0,0.0,0.0,"{0: 0.0459, 1: 0.1087, 2: 0.1872, 3: 0.2733, 4: 0.349}",1,['STOP_INSPECTION'],0.0,0.0,Underestimated Decay (Assumes 0.6x),19
misspec_020,FB7_Exposure_Aware_Planner,potato,DEPTH_CORRELATED,0.2,0.116,0.084,MARKDOWN,0.0,0.0,1.0,0.0,0.0,0.0,0.0,0.0,"{0: 0.0449, 1: 0.1255, 2: 0.1952, 3: 0.2656, 4: 0.3855}",1,['STOP_INSPECTION'],0.0,0.0,Underestimated Decay (Assumes 0.6x),20
misspec_021,FB7_Exposure_Aware_Planner,potato,DEPTH_CORRELATED,0.204,0.116,0.088,MARKDOWN,0.0,0.0,1.0,0.0,0.0,0.0,0.0,0.0,"{0: 0.0224, 1: 0.1369, 2: 0.1961, 3: 0.3029, 4: 0.358}",1,['STOP_INSPECTION'],0.0,0.0,Underestimated Decay (Assumes 0.6x),21
misspec_022,FB7_Exposure_Aware_Planner,potato,DEPTH_CORRELATED,0.2,0.116,0.084,MARKDOWN,0.0,0.0,1.0,0.0,0.0,0.0,0.0,0.0,"{0: 0.0228, 1: 0.1093, 2: 0.2055, 3: 0.3024, 4: 0.3782}",1,['STOP_INSPECTION'],0.0,0.0,Underestimated Decay (Assumes 0.6x),22
misspec_023,FB7_Exposure_Aware_Planner,potato,DEPTH_CORRELATED,0.2,0.116,0.084,MARKDOWN,0.0,0.0,1.0,0.0,0.0,0.0,0.0,0.0,"{0: 0.0207, 1: 0.1497, 2: 0.1871, 3: 0.2707, 4: 0.3792}",1,['STOP_INSPECTION'],0.0,0.0,Underestimated Decay (Assumes 0.6x),23
misspec_024,FB7_Exposure_Aware_Planner,potato,DEPTH_CORRELATED,0.2,0.116,0.084,MARKDOWN,0.0,0.0,1.0,0.0,0.0,0.0,0.0,0.0,"{0: 0.0661, 1: 0.1464, 2: 0.1861, 3: 0.2643, 4: 0.3592}",1,['STOP_INSPECTION'],0.0,0.0,Underestimated Decay (Assumes 0.6x),24
misspec_025,FB7_Exposure_Aware_Planner,potato,DEPTH_CORRELATED,0.196,0.116,0.08,MARKDOWN,0.0,0.0,1.0,0.0,0.0,0.0,0.0,0.0,"{0: 0.0569, 1: 0.1184, 2: 0.2075, 3: 0.2667, 4: 0.3459}",1,['STOP_INSPECTION'],0.0,0.0,Underestimated Decay (Assumes 0.6x),25
misspec_026,FB7_Exposure_Aware_Planner,potato,DEPTH_CORRELATED,0.196,0.116,0.08,MARKDOWN,0.0,0.0,1.0,0.0,0.0,0.0,0.0,0.0,"{0: 0.0403, 1: 0.1208, 2: 0.1901, 3: 0.287, 4: 0.3483}",1,['STOP_INSPECTION'],0.0,0.0,Underestimated Decay (Assumes 0.6x),26
misspec_027,FB7_Exposure_Aware_Planner,potato,DEPTH_CORRELATED,0.196,0.116,0.08,MARKDOWN,0.0,0.0,1.0,0.0,0.0,0.0,0.0,0.0,"{0: 0.0334, 1: 0.1173, 2: 0.2077, 3: 0.2891, 4: 0.3405}",1,['STOP_INSPECTION'],0.0,0.0,Underestimated Decay (Assumes 0.6x),27
misspec_028,FB7_Exposure_Aware_Planner,potato,DEPTH_CORRELATED,0.212,0.116,0.096,MARKDOWN,0.0,0.0,1.0,0.0,0.0,0.0,0.0,0.0,"{0: 0.0629, 1: 0.1367, 2: 0.2, 3: 0.2839, 4: 0.3722}",1,['STOP_INSPECTION'],0.0,0.0,Underestimated Decay (Assumes 0.6x),28
misspec_029,FB7_Exposure_Aware_Planner,potato,DEPTH_CORRELATED,0.212,0.116,0.096,MARKDOWN,0.0,0.0,1.0,0.0,0.0,0.0,0.0,0.0,"{0: 0.0456, 1: 0.1351, 2: 0.2033, 3: 0.2931, 4: 0.3859}",1,['STOP_INSPECTION'],0.0,0.0,Underestimated Decay (Assumes 0.6x),29
misspec_030,FB7_Exposure_Aware_Planner,potato,DEPTH_CORRELATED,0.2,0.116,0.084,MARKDOWN,0.0,0.0,1.0,0.0,0.0,0.0,0.0,0.0,"{0: 0.0342, 1: 0.148, 2: 0.1884, 3: 0.2758, 4: 0.3576}",1,['STOP_INSPECTION'],0.0,0.0,Underestimated Decay (Assumes 0.6x),30
misspec_031,FB7_Exposure_Aware_Planner,potato,DEPTH_CORRELATED,0.2,0.116,0.084,MARKDOWN,0.0,0.0,1.0,0.0,0.0,0.0,0.0,0.0,"{0: 0.0541, 1: 0.1487, 2: 0.1902, 3: 0.2692, 4: 0.3418}",1,['STOP_INSPECTION'],0.0,0.0,Underestimated Decay (Assumes 0.6x),31
misspec_032,FB7_Exposure_Aware_Planner,potato,DEPTH_CORRELATED,0.204,0.116,0.088,MARKDOWN,0.0,0.0,1.0,0.0,0.0,0.0,0.0,0.0,"{0: 0.0577, 1: 0.1261, 2: 0.1821, 3: 0.2907, 4: 0.3591}",1,['STOP_INSPECTION'],0.0,0.0,Underestimated Decay (Assumes 0.6x),32
misspec_033,FB7_Exposure_Aware_Planner,potato,DEPTH_CORRELATED,0.208,0.116,0.092,MARKDOWN,0.0,0.0,1.0,0.0,0.0,0.0,0.0,0.0,"{0: 0.0612, 1: 0.1176, 2: 0.2268, 3: 0.2712, 4: 0.3683}",1,['STOP_INSPECTION'],0.0,0.0,Underestimated Decay (Assumes 0.6x),33
misspec_034,FB7_Exposure_Aware_Planner,potato,DEPTH_CORRELATED,0.2,0.116,0.084,MARKDOWN,0.0,0.0,1.0,0.0,0.0,0.0,0.0,0.0,"{0: 0.0432, 1: 0.1264, 2: 0.2282, 3: 0.2604, 4: 0.3575}",1,['STOP_INSPECTION'],0.0,0.0,Underestimated Decay (Assumes 0.6x),34
misspec_035,FB7_Exposure_Aware_Planner,potato,DEPTH_CORRELATED,0.204,0.116,0.088,MARKDOWN,0.0,0.0,1.0,0.0,0.0,0.0,0.0,0.0,"{0: 0.0531, 1: 0.1497, 2: 0.1883, 3: 0.2767, 4: 0.3603}",1,['STOP_INSPECTION'],0.0,0.0,Underestimated Decay (Assumes 0.6x),35
misspec_036,FB7_Exposure_Aware_Planner,potato,DEPTH_CORRELATED,0.2,0.116,0.084,MARKDOWN,0.0,0.0,1.0,0.0,0.0,0.0,0.0,0.0,"{0: 0.0456, 1: 0.1415, 2: 0.2122, 3: 0.2613, 4: 0.3483}",1,['STOP_INSPECTION'],0.0,0.0,Underestimated Decay (Assumes 0.6x),36
misspec_037,FB7_Exposure_Aware_Planner,potato,DEPTH_CORRELATED,0.216,0.116,0.1,MARKDOWN,0.0,0.0,1.0,0.0,0.0,0.0,0.0,0.0,"{0: 0.0558, 1: 0.1482, 2: 0.2228, 3: 0.3077, 4: 0.3552}",1,['STOP_INSPECTION'],0.0,0.0,Underestimated Decay (Assumes 0.6x),37
misspec_038,FB7_Exposure_Aware_Planner,potato,DEPTH_CORRELATED,0.216,0.116,0.1,MARKDOWN,0.0,0.0,1.0,0.0,0.0,0.0,0.0,0.0,"{0: 0.0646, 1: 0.1316, 2: 0.2138, 3: 0.2749, 4: 0.383}",1,['STOP_INSPECTION'],0.0,0.0,Underestimated Decay (Assumes 0.6x),38
misspec_039,FB7_Exposure_Aware_Planner,potato,DEPTH_CORRELATED,0.204,0.116,0.088,MARKDOWN,0.0,0.0,1.0,0.0,0.0,0.0,0.0,0.0,"{0: 0.0639, 1: 0.1059, 2: 0.186, 3: 0.3038, 4: 0.376}",1,['STOP_INSPECTION'],0.0,0.0,Underestimated Decay (Assumes 0.6x),39
misspec_040,FB7_Exposure_Aware_Planner,potato,DEPTH_CORRELATED,0.204,0.116,0.088,MARKDOWN,0.0,0.0,1.0,0.0,0.0,0.0,0.0,0.0,"{0: 0.0613, 1: 0.1282, 2: 0.2141, 3: 0.2676, 4: 0.3603}",1,['STOP_INSPECTION'],0.0,0.0,Underestimated Decay (Assumes 0.6x),40
misspec_041,FB7_Exposure_Aware_Planner,potato,DEPTH_CORRELATED,0.2,0.116,0.084,MARKDOWN,0.0,0.0,1.0,0.0,0.0,0.0,0.0,0.0,"{0: 0.0208, 1: 0.1201, 2: 0.2215, 3: 0.3098, 4: 0.3486}",1,['STOP_INSPECTION'],0.0,0.0,Underestimated Decay (Assumes 0.6x),41
misspec_042,FB7_Exposure_Aware_Planner,potato,DEPTH_CORRELATED,0.2,0.116,0.084,MARKDOWN,0.0,0.0,1.0,0.0,0.0,0.0,0.0,0.0,"{0: 0.0364, 1: 0.1008, 2: 0.1927, 3: 0.2845, 4: 0.3736}",1,['STOP_INSPECTION'],0.0,0.0,Underestimated Decay (Assumes 0.6x),42
misspec_043,FB7_Exposure_Aware_Planner,potato,DEPTH_CORRELATED,0.196,0.116,0.08,MARKDOWN,0.0,0.0,1.0,0.0,0.0,0.0,0.0,0.0,"{0: 0.0414, 1: 0.1242, 2: 0.195, 3: 0.2751, 4: 0.3458}",1,['STOP_INSPECTION'],0.0,0.0,Underestimated Decay (Assumes 0.6x),43
misspec_044,FB7_Exposure_Aware_Planner,potato,DEPTH_CORRELATED,0.208,0.116,0.092,MARKDOWN,0.0,0.0,1.0,0.0,0.0,0.0,0.0,0.0,"{0: 0.0405, 1: 0.1148, 2: 0.2294, 3: 0.2714, 4: 0.388}",1,['STOP_INSPECTION'],0.0,0.0,Underestimated Decay (Assumes 0.6x),44
misspec_045,FB7_Exposure_Aware_Planner,potato,DEPTH_CORRELATED,0.216,0.116,0.1,MARKDOWN,0.0,0.0,1.0,0.0,0.0,0.0,0.0,0.0,"{0: 0.0698, 1: 0.1423, 2: 0.2168, 3: 0.2816, 4: 0.3886}",1,['STOP_INSPECTION'],0.0,0.0,Underestimated Decay (Assumes 0.6x),45
misspec_046,FB7_Exposure_Aware_Planner,potato,DEPTH_CORRELATED,0.208,0.116,0.092,MARKDOWN,0.0,0.0,1.0,0.0,0.0,0.0,0.0,0.0,"{0: 0.031, 1: 0.1471, 2: 0.1929, 3: 0.3095, 4: 0.3642}",1,['STOP_INSPECTION'],0.0,0.0,Underestimated Decay (Assumes 0.6x),46
misspec_047,FB7_Exposure_Aware_Planner,potato,DEPTH_CORRELATED,0.204,0.116,0.088,MARKDOWN,0.0,0.0,1.0,0.0,0.0,0.0,0.0,0.0,"{0: 0.0572, 1: 0.1275, 2: 0.1817, 3: 0.2812, 4: 0.3796}",1,['STOP_INSPECTION'],0.0,0.0,Underestimated Decay (Assumes 0.6x),47
misspec_048,FB7_Exposure_Aware_Planner,potato,DEPTH_CORRELATED,0.212,0.116,0.096,MARKDOWN,0.0,0.0,1.0,0.0,0.0,0.0,0.0,0.0,"{0: 0.0659, 1: 0.1439, 2: 0.2196, 3: 0.2988, 4: 0.3462}",1,['STOP_INSPECTION'],0.0,0.0,Underestimated Decay (Assumes 0.6x),48
misspec_049,FB7_Exposure_Aware_Planner,potato,DEPTH_CORRELATED,0.196,0.116,0.08,MARKDOWN,0.0,0.0,1.0,0.0,0.0,0.0,0.0,0.0,"{0: 0.0283, 1: 0.1065, 2: 0.2247, 3: 0.2717, 4: 0.3676}",1,['STOP_INSPECTION'],0.0,0.0,Underestimated Decay (Assumes 0.6x),49
misspec_000,FB7_Exposure_Aware_Planner,potato,DEPTH_CORRELATED,0.2,0.116,0.084,MARKDOWN,0.0,0.0,1.0,0.0,0.0,0.0,0.0,0.0,"{0: 0.036, 1: 0.149, 2: 0.1821, 3: 0.2882, 4: 0.3525}",1,['STOP_INSPECTION'],0.0,0.0,Overestimated Decay (Assumes 1.4x),0
misspec_001,FB7_Exposure_Aware_Planner,potato,DEPTH_CORRELATED,0.2,0.116,0.084,MARKDOWN,0.0,0.0,1.0,0.0,0.0,0.0,0.0,0.0,"{0: 0.024, 1: 0.1155, 2: 0.2198, 3: 0.3081, 4: 0.346}",1,['STOP_INSPECTION'],0.0,0.0,Overestimated Decay (Assumes 1.4x),1
misspec_002,FB7_Exposure_Aware_Planner,potato,DEPTH_CORRELATED,0.2,0.116,0.084,MARKDOWN,0.0,0.0,1.0,0.0,0.0,0.0,0.0,0.0,"{0: 0.0284, 1: 0.1182, 2: 0.1903, 3: 0.2724, 4: 0.3743}",1,['STOP_INSPECTION'],0.0,0.0,Overestimated Decay (Assumes 1.4x),2
misspec_003,FB7_Exposure_Aware_Planner,potato,DEPTH_CORRELATED,0.2,0.116,0.084,MARKDOWN,0.0,0.0,1.0,0.0,0.0,0.0,0.0,0.0,"{0: 0.0373, 1: 0.1277, 2: 0.1991, 3: 0.2646, 4: 0.3813}",1,['STOP_INSPECTION'],0.0,0.0,Overestimated Decay (Assumes 1.4x),3
misspec_004,FB7_Exposure_Aware_Planner,potato,DEPTH_CORRELATED,0.196,0.116,0.08,MARKDOWN,0.0,0.0,1.0,0.0,0.0,0.0,0.0,0.0,"{0: 0.0299, 1: 0.1002, 2: 0.2228, 3: 0.2675, 4: 0.3741}",1,['STOP_INSPECTION'],0.0,0.0,Overestimated Decay (Assumes 1.4x),4
misspec_005,FB7_Exposure_Aware_Planner,potato,DEPTH_CORRELATED,0.204,0.116,0.088,MARKDOWN,0.0,0.0,1.0,0.0,0.0,0.0,0.0,0.0,"{0: 0.0241, 1: 0.1392, 2: 0.211, 3: 0.2623, 4: 0.3873}",1,['STOP_INSPECTION'],0.0,0.0,Overestimated Decay (Assumes 1.4x),5
misspec_006,FB7_Exposure_Aware_Planner,potato,DEPTH_CORRELATED,0.196,0.116,0.08,MARKDOWN,0.0,0.0,1.0,0.0,0.0,0.0,0.0,0.0,"{0: 0.0246, 1: 0.124, 2: 0.1854, 3: 0.279, 4: 0.3853}",1,['STOP_INSPECTION'],0.0,0.0,Overestimated Decay (Assumes 1.4x),6
misspec_007,FB7_Exposure_Aware_Planner,potato,DEPTH_CORRELATED,0.208,0.116,0.092,MARKDOWN,0.0,0.0,1.0,0.0,0.0,0.0,0.0,0.0,"{0: 0.0425, 1: 0.1488, 2: 0.1983, 3: 0.2873, 4: 0.3876}",1,['STOP_INSPECTION'],0.0,0.0,Overestimated Decay (Assumes 1.4x),7
misspec_008,FB7_Exposure_Aware_Planner,potato,DEPTH_CORRELATED,0.204,0.116,0.088,MARKDOWN,0.0,0.0,1.0,0.0,0.0,0.0,0.0,0.0,"{0: 0.0214, 1: 0.122, 2: 0.2001, 3: 0.2999, 4: 0.3722}",1,['STOP_INSPECTION'],0.0,0.0,Overestimated Decay (Assumes 1.4x),8
misspec_009,FB7_Exposure_Aware_Planner,potato,DEPTH_CORRELATED,0.204,0.116,0.088,MARKDOWN,0.0,0.0,1.0,0.0,0.0,0.0,0.0,0.0,"{0: 0.0351, 1: 0.1251, 2: 0.2214, 3: 0.3015, 4: 0.342}",1,['STOP_INSPECTION'],0.0,0.0,Overestimated Decay (Assumes 1.4x),9
misspec_010,FB7_Exposure_Aware_Planner,potato,DEPTH_CORRELATED,0.2,0.116,0.084,MARKDOWN,0.0,0.0,1.0,0.0,0.0,0.0,0.0,0.0,"{0: 0.0336, 1: 0.1156, 2: 0.2117, 3: 0.2702, 4: 0.344}",1,['STOP_INSPECTION'],0.0,0.0,Overestimated Decay (Assumes 1.4x),10
misspec_011,FB7_Exposure_Aware_Planner,potato,DEPTH_CORRELATED,0.212,0.116,0.096,MARKDOWN,0.0,0.0,1.0,0.0,0.0,0.0,0.0,0.0,"{0: 0.0657, 1: 0.1054, 2: 0.2108, 3: 0.3025, 4: 0.3834}",1,['STOP_INSPECTION'],0.0,0.0,Overestimated Decay (Assumes 1.4x),11
misspec_012,FB7_Exposure_Aware_Planner,potato,DEPTH_CORRELATED,0.204,0.116,0.088,MARKDOWN,0.0,0.0,1.0,0.0,0.0,0.0,0.0,0.0,"{0: 0.0655, 1: 0.1214, 2: 0.1824, 3: 0.3007, 4: 0.3569}",1,['STOP_INSPECTION'],0.0,0.0,Overestimated Decay (Assumes 1.4x),12
misspec_013,FB7_Exposure_Aware_Planner,potato,DEPTH_CORRELATED,0.188,0.116,0.072,MARKDOWN,0.0,0.0,1.0,0.0,0.0,0.0,0.0,0.0,"{0: 0.0211, 1: 0.1185, 2: 0.1899, 3: 0.289, 4: 0.3472}",1,['STOP_INSPECTION'],0.0,0.0,Overestimated Decay (Assumes 1.4x),13
misspec_014,FB7_Exposure_Aware_Planner,potato,DEPTH_CORRELATED,0.196,0.116,0.08,MARKDOWN,0.0,0.0,1.0,0.0,0.0,0.0,0.0,0.0,"{0: 0.0303, 1: 0.1119, 2: 0.1894, 3: 0.2811, 4: 0.3549}",1,['STOP_INSPECTION'],0.0,0.0,Overestimated Decay (Assumes 1.4x),14
misspec_015,FB7_Exposure_Aware_Planner,potato,DEPTH_CORRELATED,0.204,0.116,0.088,MARKDOWN,0.0,0.0,1.0,0.0,0.0,0.0,0.0,0.0,"{0: 0.0455, 1: 0.1146, 2: 0.2297, 3: 0.2999, 4: 0.3468}",1,['STOP_INSPECTION'],0.0,0.0,Overestimated Decay (Assumes 1.4x),15
misspec_016,FB7_Exposure_Aware_Planner,potato,DEPTH_CORRELATED,0.196,0.116,0.08,MARKDOWN,0.0,0.0,1.0,0.0,0.0,0.0,0.0,0.0,"{0: 0.07, 1: 0.1076, 2: 0.1872, 3: 0.2645, 4: 0.3765}",1,['STOP_INSPECTION'],0.0,0.0,Overestimated Decay (Assumes 1.4x),16
misspec_017,FB7_Exposure_Aware_Planner,potato,DEPTH_CORRELATED,0.196,0.116,0.08,MARKDOWN,0.0,0.0,1.0,0.0,0.0,0.0,0.0,0.0,"{0: 0.0282, 1: 0.1138, 2: 0.192, 3: 0.2878, 4: 0.3662}",1,['STOP_INSPECTION'],0.0,0.0,Overestimated Decay (Assumes 1.4x),17
misspec_018,FB7_Exposure_Aware_Planner,potato,DEPTH_CORRELATED,0.208,0.116,0.092,MARKDOWN,0.0,0.0,1.0,0.0,0.0,0.0,0.0,0.0,"{0: 0.0632, 1: 0.1132, 2: 0.1937, 3: 0.3064, 4: 0.3659}",1,['STOP_INSPECTION'],0.0,0.0,Overestimated Decay (Assumes 1.4x),18
misspec_019,FB7_Exposure_Aware_Planner,potato,DEPTH_CORRELATED,0.208,0.116,0.092,MARKDOWN,0.0,0.0,1.0,0.0,0.0,0.0,0.0,0.0,"{0: 0.0647, 1: 0.1331, 2: 0.2082, 3: 0.2621, 4: 0.3817}",1,['STOP_INSPECTION'],0.0,0.0,Overestimated Decay (Assumes 1.4x),19
misspec_020,FB7_Exposure_Aware_Planner,potato,DEPTH_CORRELATED,0.196,0.116,0.08,MARKDOWN,0.0,0.0,1.0,0.0,0.0,0.0,0.0,0.0,"{0: 0.0656, 1: 0.1099, 2: 0.1812, 3: 0.2944, 4: 0.3433}",1,['STOP_INSPECTION'],0.0,0.0,Overestimated Decay (Assumes 1.4x),20
misspec_021,FB7_Exposure_Aware_Planner,potato,DEPTH_CORRELATED,0.204,0.116,0.088,MARKDOWN,0.0,0.0,1.0,0.0,0.0,0.0,0.0,0.0,"{0: 0.032, 1: 0.1157, 2: 0.1997, 3: 0.2941, 4: 0.364}",1,['STOP_INSPECTION'],0.0,0.0,Overestimated Decay (Assumes 1.4x),21
misspec_022,FB7_Exposure_Aware_Planner,potato,DEPTH_CORRELATED,0.2,0.116,0.084,MARKDOWN,0.0,0.0,1.0,0.0,0.0,0.0,0.0,0.0,"{0: 0.0558, 1: 0.1446, 2: 0.1887, 3: 0.2682, 4: 0.3622}",1,['STOP_INSPECTION'],0.0,0.0,Overestimated Decay (Assumes 1.4x),22
misspec_023,FB7_Exposure_Aware_Planner,potato,DEPTH_CORRELATED,0.216,0.116,0.1,MARKDOWN,0.0,0.0,1.0,0.0,0.0,0.0,0.0,0.0,"{0: 0.0578, 1: 0.118, 2: 0.2287, 3: 0.3, 4: 0.3727}",1,['STOP_INSPECTION'],0.0,0.0,Overestimated Decay (Assumes 1.4x),23
misspec_024,FB7_Exposure_Aware_Planner,potato,DEPTH_CORRELATED,0.208,0.116,0.092,MARKDOWN,0.0,0.0,1.0,0.0,0.0,0.0,0.0,0.0,"{0: 0.0594, 1: 0.1196, 2: 0.2111, 3: 0.2772, 4: 0.3586}",1,['STOP_INSPECTION'],0.0,0.0,Overestimated Decay (Assumes 1.4x),24
misspec_025,FB7_Exposure_Aware_Planner,potato,DEPTH_CORRELATED,0.212,0.116,0.096,MARKDOWN,0.0,0.0,1.0,0.0,0.0,0.0,0.0,0.0,"{0: 0.0622, 1: 0.1233, 2: 0.1967, 3: 0.3031, 4: 0.379}",1,['STOP_INSPECTION'],0.0,0.0,Overestimated Decay (Assumes 1.4x),25
misspec_026,FB7_Exposure_Aware_Planner,potato,DEPTH_CORRELATED,0.208,0.116,0.092,MARKDOWN,0.0,0.0,1.0,0.0,0.0,0.0,0.0,0.0,"{0: 0.0378, 1: 0.1379, 2: 0.213, 3: 0.26, 4: 0.3824}",1,['STOP_INSPECTION'],0.0,0.0,Overestimated Decay (Assumes 1.4x),26
misspec_027,FB7_Exposure_Aware_Planner,potato,DEPTH_CORRELATED,0.212,0.116,0.096,MARKDOWN,0.0,0.0,1.0,0.0,0.0,0.0,0.0,0.0,"{0: 0.0689, 1: 0.1441, 2: 0.2247, 3: 0.2939, 4: 0.341}",1,['STOP_INSPECTION'],0.0,0.0,Overestimated Decay (Assumes 1.4x),27
misspec_028,FB7_Exposure_Aware_Planner,potato,DEPTH_CORRELATED,0.2,0.116,0.084,MARKDOWN,0.0,0.0,1.0,0.0,0.0,0.0,0.0,0.0,"{0: 0.066, 1: 0.1119, 2: 0.2248, 3: 0.2613, 4: 0.3488}",1,['STOP_INSPECTION'],0.0,0.0,Overestimated Decay (Assumes 1.4x),28
misspec_029,FB7_Exposure_Aware_Planner,potato,DEPTH_CORRELATED,0.208,0.116,0.092,MARKDOWN,0.0,0.0,1.0,0.0,0.0,0.0,0.0,0.0,"{0: 0.0552, 1: 0.1377, 2: 0.1841, 3: 0.2774, 4: 0.3716}",1,['STOP_INSPECTION'],0.0,0.0,Overestimated Decay (Assumes 1.4x),29
misspec_030,FB7_Exposure_Aware_Planner,potato,DEPTH_CORRELATED,0.204,0.116,0.088,MARKDOWN,0.0,0.0,1.0,0.0,0.0,0.0,0.0,0.0,"{0: 0.0457, 1: 0.1431, 2: 0.2114, 3: 0.2681, 4: 0.3605}",1,['STOP_INSPECTION'],0.0,0.0,Overestimated Decay (Assumes 1.4x),30
misspec_031,FB7_Exposure_Aware_Planner,potato,DEPTH_CORRELATED,0.2,0.116,0.084,MARKDOWN,0.0,0.0,1.0,0.0,0.0,0.0,0.0,0.0,"{0: 0.0641, 1: 0.1002, 2: 0.1991, 3: 0.285, 4: 0.3662}",1,['STOP_INSPECTION'],0.0,0.0,Overestimated Decay (Assumes 1.4x),31
misspec_032,FB7_Exposure_Aware_Planner,potato,DEPTH_CORRELATED,0.196,0.116,0.08,MARKDOWN,0.0,0.0,1.0,0.0,0.0,0.0,0.0,0.0,"{0: 0.0581, 1: 0.1057, 2: 0.2113, 3: 0.2611, 4: 0.3417}",1,['STOP_INSPECTION'],0.0,0.0,Overestimated Decay (Assumes 1.4x),32
misspec_033,FB7_Exposure_Aware_Planner,potato,DEPTH_CORRELATED,0.196,0.116,0.08,MARKDOWN,0.0,0.0,1.0,0.0,0.0,0.0,0.0,0.0,"{0: 0.0563, 1: 0.1246, 2: 0.2026, 3: 0.2645, 4: 0.3456}",1,['STOP_INSPECTION'],0.0,0.0,Overestimated Decay (Assumes 1.4x),33
misspec_034,FB7_Exposure_Aware_Planner,potato,DEPTH_CORRELATED,0.196,0.116,0.08,MARKDOWN,0.0,0.0,1.0,0.0,0.0,0.0,0.0,0.0,"{0: 0.0251, 1: 0.1249, 2: 0.2012, 3: 0.2626, 4: 0.384}",1,['STOP_INSPECTION'],0.0,0.0,Overestimated Decay (Assumes 1.4x),34
misspec_035,FB7_Exposure_Aware_Planner,potato,DEPTH_CORRELATED,0.204,0.116,0.088,MARKDOWN,0.0,0.0,1.0,0.0,0.0,0.0,0.0,0.0,"{0: 0.0606, 1: 0.1461, 2: 0.2071, 3: 0.2888, 4: 0.3451}",1,['STOP_INSPECTION'],0.0,0.0,Overestimated Decay (Assumes 1.4x),35
misspec_036,FB7_Exposure_Aware_Planner,potato,DEPTH_CORRELATED,0.2,0.116,0.084,MARKDOWN,0.0,0.0,1.0,0.0,0.0,0.0,0.0,0.0,"{0: 0.0307, 1: 0.1358, 2: 0.2051, 3: 0.2827, 4: 0.3475}",1,['STOP_INSPECTION'],0.0,0.0,Overestimated Decay (Assumes 1.4x),36
misspec_037,FB7_Exposure_Aware_Planner,potato,DEPTH_CORRELATED,0.208,0.116,0.092,MARKDOWN,0.0,0.0,1.0,0.0,0.0,0.0,0.0,0.0,"{0: 0.0584, 1: 0.1102, 2: 0.2065, 3: 0.2854, 4: 0.3722}",1,['STOP_INSPECTION'],0.0,0.0,Overestimated Decay (Assumes 1.4x),37
misspec_038,FB7_Exposure_Aware_Planner,potato,DEPTH_CORRELATED,0.204,0.116,0.088,MARKDOWN,0.0,0.0,1.0,0.0,0.0,0.0,0.0,0.0,"{0: 0.0412, 1: 0.1088, 2: 0.1951, 3: 0.3032, 4: 0.3705}",1,['STOP_INSPECTION'],0.0,0.0,Overestimated Decay (Assumes 1.4x),38
misspec_039,FB7_Exposure_Aware_Planner,potato,DEPTH_CORRELATED,0.204,0.116,0.088,MARKDOWN,0.0,0.0,1.0,0.0,0.0,0.0,0.0,0.0,"{0: 0.027, 1: 0.1326, 2: 0.2059, 3: 0.2972, 4: 0.3522}",1,['STOP_INSPECTION'],0.0,0.0,Overestimated Decay (Assumes 1.4x),39
misspec_040,FB7_Exposure_Aware_Planner,potato,DEPTH_CORRELATED,0.204,0.116,0.088,MARKDOWN,0.0,0.0,1.0,0.0,0.0,0.0,0.0,0.0,"{0: 0.0458, 1: 0.1301, 2: 0.1853, 3: 0.2804, 4: 0.3833}",1,['STOP_INSPECTION'],0.0,0.0,Overestimated Decay (Assumes 1.4x),40
misspec_041,FB7_Exposure_Aware_Planner,potato,DEPTH_CORRELATED,0.192,0.116,0.076,MARKDOWN,0.0,0.0,1.0,0.0,0.0,0.0,0.0,0.0,"{0: 0.0456, 1: 0.111, 2: 0.1895, 3: 0.2813, 4: 0.3492}",1,['STOP_INSPECTION'],0.0,0.0,Overestimated Decay (Assumes 1.4x),41
misspec_042,FB7_Exposure_Aware_Planner,potato,DEPTH_CORRELATED,0.2,0.116,0.084,MARKDOWN,0.0,0.0,1.0,0.0,0.0,0.0,0.0,0.0,"{0: 0.0623, 1: 0.1126, 2: 0.2071, 3: 0.2618, 4: 0.361}",1,['STOP_INSPECTION'],0.0,0.0,Overestimated Decay (Assumes 1.4x),42
misspec_043,FB7_Exposure_Aware_Planner,potato,DEPTH_CORRELATED,0.2,0.116,0.084,MARKDOWN,0.0,0.0,1.0,0.0,0.0,0.0,0.0,0.0,"{0: 0.0532, 1: 0.1022, 2: 0.2145, 3: 0.2855, 4: 0.3438}",1,['STOP_INSPECTION'],0.0,0.0,Overestimated Decay (Assumes 1.4x),43
misspec_044,FB7_Exposure_Aware_Planner,potato,DEPTH_CORRELATED,0.2,0.116,0.084,MARKDOWN,0.0,0.0,1.0,0.0,0.0,0.0,0.0,0.0,"{0: 0.0453, 1: 0.1296, 2: 0.1875, 3: 0.2964, 4: 0.3593}",1,['STOP_INSPECTION'],0.0,0.0,Overestimated Decay (Assumes 1.4x),44
misspec_045,FB7_Exposure_Aware_Planner,potato,DEPTH_CORRELATED,0.2,0.116,0.084,MARKDOWN,0.0,0.0,1.0,0.0,0.0,0.0,0.0,0.0,"{0: 0.0268, 1: 0.1374, 2: 0.2099, 3: 0.2707, 4: 0.3635}",1,['STOP_INSPECTION'],0.0,0.0,Overestimated Decay (Assumes 1.4x),45
misspec_046,FB7_Exposure_Aware_Planner,potato,DEPTH_CORRELATED,0.208,0.116,0.092,MARKDOWN,0.0,0.0,1.0,0.0,0.0,0.0,0.0,0.0,"{0: 0.0459, 1: 0.1124, 2: 0.2244, 3: 0.2813, 4: 0.3823}",1,['STOP_INSPECTION'],0.0,0.0,Overestimated Decay (Assumes 1.4x),46
misspec_047,FB7_Exposure_Aware_Planner,potato,DEPTH_CORRELATED,0.216,0.116,0.1,MARKDOWN,0.0,0.0,1.0,0.0,0.0,0.0,0.0,0.0,"{0: 0.0437, 1: 0.1481, 2: 0.2267, 3: 0.3064, 4: 0.3767}",1,['STOP_INSPECTION'],0.0,0.0,Overestimated Decay (Assumes 1.4x),47
misspec_048,FB7_Exposure_Aware_Planner,potato,DEPTH_CORRELATED,0.204,0.116,0.088,MARKDOWN,0.0,0.0,1.0,0.0,0.0,0.0,0.0,0.0,"{0: 0.0636, 1: 0.1078, 2: 0.2026, 3: 0.2926, 4: 0.3646}",1,['STOP_INSPECTION'],0.0,0.0,Overestimated Decay (Assumes 1.4x),48
misspec_049,FB7_Exposure_Aware_Planner,potato,DEPTH_CORRELATED,0.204,0.116,0.088,MARKDOWN,0.0,0.0,1.0,0.0,0.0,0.0,0.0,0.0,"{0: 0.0455, 1: 0.1309, 2: 0.1953, 3: 0.2772, 4: 0.3676}",1,['STOP_INSPECTION'],0.0,0.0,Overestimated Decay (Assumes 1.4x),49
misspec_000,FB7_Exposure_Aware_Planner,potato,DEPTH_CORRELATED,0.204,0.116,0.088,MARKDOWN,0.0,0.0,1.0,0.0,0.0,0.0,0.0,0.0,"{0: 0.0499, 1: 0.1108, 2: 0.2258, 3: 0.2741, 4: 0.363}",1,['STOP_INSPECTION'],0.0,0.0,Overconfident Sensor (Assumes low noise),0
misspec_001,FB7_Exposure_Aware_Planner,potato,DEPTH_CORRELATED,0.2,0.116,0.084,MARKDOWN,0.0,0.0,1.0,0.0,0.0,0.0,0.0,0.0,"{0: 0.041, 1: 0.1227, 2: 0.1885, 3: 0.2751, 4: 0.37}",1,['STOP_INSPECTION'],0.0,0.0,Overconfident Sensor (Assumes low noise),1
misspec_002,FB7_Exposure_Aware_Planner,potato,DEPTH_CORRELATED,0.196,0.116,0.08,MARKDOWN,0.0,0.0,1.0,0.0,0.0,0.0,0.0,0.0,"{0: 0.0493, 1: 0.1256, 2: 0.1919, 3: 0.2685, 4: 0.3691}",1,['STOP_INSPECTION'],0.0,0.0,Overconfident Sensor (Assumes low noise),2
misspec_003,FB7_Exposure_Aware_Planner,potato,DEPTH_CORRELATED,0.208,0.116,0.092,MARKDOWN,0.0,0.0,1.0,0.0,0.0,0.0,0.0,0.0,"{0: 0.0682, 1: 0.1026, 2: 0.2259, 3: 0.2724, 4: 0.3711}",1,['STOP_INSPECTION'],0.0,0.0,Overconfident Sensor (Assumes low noise),3
misspec_004,FB7_Exposure_Aware_Planner,potato,DEPTH_CORRELATED,0.216,0.116,0.1,MARKDOWN,0.0,0.0,1.0,0.0,0.0,0.0,0.0,0.0,"{0: 0.0604, 1: 0.1323, 2: 0.2276, 3: 0.2708, 4: 0.3854}",1,['STOP_INSPECTION'],0.0,0.0,Overconfident Sensor (Assumes low noise),4
misspec_005,FB7_Exposure_Aware_Planner,potato,DEPTH_CORRELATED,0.208,0.116,0.092,MARKDOWN,0.0,0.0,1.0,0.0,0.0,0.0,0.0,0.0,"{0: 0.0397, 1: 0.1412, 2: 0.1981, 3: 0.2815, 4: 0.3752}",1,['STOP_INSPECTION'],0.0,0.0,Overconfident Sensor (Assumes low noise),5
misspec_006,FB7_Exposure_Aware_Planner,potato,DEPTH_CORRELATED,0.208,0.116,0.092,MARKDOWN,0.0,0.0,1.0,0.0,0.0,0.0,0.0,0.0,"{0: 0.0326, 1: 0.114, 2: 0.2004, 3: 0.3071, 4: 0.3717}",1,['STOP_INSPECTION'],0.0,0.0,Overconfident Sensor (Assumes low noise),6
misspec_007,FB7_Exposure_Aware_Planner,potato,DEPTH_CORRELATED,0.204,0.116,0.088,MARKDOWN,0.0,0.0,1.0,0.0,0.0,0.0,0.0,0.0,"{0: 0.0251, 1: 0.1163, 2: 0.2033, 3: 0.308, 4: 0.3865}",1,['STOP_INSPECTION'],0.0,0.0,Overconfident Sensor (Assumes low noise),7
misspec_008,FB7_Exposure_Aware_Planner,potato,DEPTH_CORRELATED,0.212,0.116,0.096,MARKDOWN,0.0,0.0,1.0,0.0,0.0,0.0,0.0,0.0,"{0: 0.0653, 1: 0.1351, 2: 0.1925, 3: 0.2842, 4: 0.3716}",1,['STOP_INSPECTION'],0.0,0.0,Overconfident Sensor (Assumes low noise),8
misspec_009,FB7_Exposure_Aware_Planner,potato,DEPTH_CORRELATED,0.212,0.116,0.096,MARKDOWN,0.0,0.0,1.0,0.0,0.0,0.0,0.0,0.0,"{0: 0.0404, 1: 0.1338, 2: 0.2139, 3: 0.3071, 4: 0.3515}",1,['STOP_INSPECTION'],0.0,0.0,Overconfident Sensor (Assumes low noise),9
misspec_010,FB7_Exposure_Aware_Planner,potato,DEPTH_CORRELATED,0.204,0.116,0.088,MARKDOWN,0.0,0.0,1.0,0.0,0.0,0.0,0.0,0.0,"{0: 0.0508, 1: 0.1275, 2: 0.2008, 3: 0.2611, 4: 0.3703}",1,['STOP_INSPECTION'],0.0,0.0,Overconfident Sensor (Assumes low noise),10
misspec_011,FB7_Exposure_Aware_Planner,potato,DEPTH_CORRELATED,0.2,0.116,0.084,MARKDOWN,0.0,0.0,1.0,0.0,0.0,0.0,0.0,0.0,"{0: 0.0621, 1: 0.1336, 2: 0.1905, 3: 0.2656, 4: 0.3478}",1,['STOP_INSPECTION'],0.0,0.0,Overconfident Sensor (Assumes low noise),11
misspec_012,FB7_Exposure_Aware_Planner,potato,DEPTH_CORRELATED,0.2,0.116,0.084,MARKDOWN,0.0,0.0,1.0,0.0,0.0,0.0,0.0,0.0,"{0: 0.0516, 1: 0.1244, 2: 0.203, 3: 0.2705, 4: 0.3467}",1,['STOP_INSPECTION'],0.0,0.0,Overconfident Sensor (Assumes low noise),12
misspec_013,FB7_Exposure_Aware_Planner,potato,DEPTH_CORRELATED,0.2,0.116,0.084,MARKDOWN,0.0,0.0,1.0,0.0,0.0,0.0,0.0,0.0,"{0: 0.0592, 1: 0.1491, 2: 0.1858, 3: 0.2688, 4: 0.3547}",1,['STOP_INSPECTION'],0.0,0.0,Overconfident Sensor (Assumes low noise),13
misspec_014,FB7_Exposure_Aware_Planner,potato,DEPTH_CORRELATED,0.2,0.116,0.084,MARKDOWN,0.0,0.0,1.0,0.0,0.0,0.0,0.0,0.0,"{0: 0.0257, 1: 0.1266, 2: 0.2218, 3: 0.3025, 4: 0.3402}",1,['STOP_INSPECTION'],0.0,0.0,Overconfident Sensor (Assumes low noise),14
misspec_015,FB7_Exposure_Aware_Planner,potato,DEPTH_CORRELATED,0.212,0.116,0.096,MARKDOWN,0.0,0.0,1.0,0.0,0.0,0.0,0.0,0.0,"{0: 0.0585, 1: 0.1403, 2: 0.1864, 3: 0.308, 4: 0.3856}",1,['STOP_INSPECTION'],0.0,0.0,Overconfident Sensor (Assumes low noise),15
misspec_016,FB7_Exposure_Aware_Planner,potato,DEPTH_CORRELATED,0.196,0.116,0.08,MARKDOWN,0.0,0.0,1.0,0.0,0.0,0.0,0.0,0.0,"{0: 0.059, 1: 0.1058, 2: 0.2139, 3: 0.2624, 4: 0.3485}",1,['STOP_INSPECTION'],0.0,0.0,Overconfident Sensor (Assumes low noise),16
misspec_017,FB7_Exposure_Aware_Planner,potato,DEPTH_CORRELATED,0.204,0.116,0.088,MARKDOWN,0.0,0.0,1.0,0.0,0.0,0.0,0.0,0.0,"{0: 0.0565, 1: 0.1292, 2: 0.2098, 3: 0.2905, 4: 0.3407}",1,['STOP_INSPECTION'],0.0,0.0,Overconfident Sensor (Assumes low noise),17
misspec_018,FB7_Exposure_Aware_Planner,potato,DEPTH_CORRELATED,0.196,0.116,0.08,MARKDOWN,0.0,0.0,1.0,0.0,0.0,0.0,0.0,0.0,"{0: 0.0234, 1: 0.144, 2: 0.2047, 3: 0.2874, 4: 0.3471}",1,['STOP_INSPECTION'],0.0,0.0,Overconfident Sensor (Assumes low noise),18
misspec_019,FB7_Exposure_Aware_Planner,potato,DEPTH_CORRELATED,0.208,0.116,0.092,MARKDOWN,0.0,0.0,1.0,0.0,0.0,0.0,0.0,0.0,"{0: 0.0553, 1: 0.127, 2: 0.21, 3: 0.274, 4: 0.3629}",1,['STOP_INSPECTION'],0.0,0.0,Overconfident Sensor (Assumes low noise),19
misspec_020,FB7_Exposure_Aware_Planner,potato,DEPTH_CORRELATED,0.2,0.116,0.084,MARKDOWN,0.0,0.0,1.0,0.0,0.0,0.0,0.0,0.0,"{0: 0.0346, 1: 0.1359, 2: 0.1879, 3: 0.3027, 4: 0.3409}",1,['STOP_INSPECTION'],0.0,0.0,Overconfident Sensor (Assumes low noise),20
misspec_021,FB7_Exposure_Aware_Planner,potato,DEPTH_CORRELATED,0.204,0.116,0.088,MARKDOWN,0.0,0.0,1.0,0.0,0.0,0.0,0.0,0.0,"{0: 0.0472, 1: 0.1065, 2: 0.2277, 3: 0.2908, 4: 0.3635}",1,['STOP_INSPECTION'],0.0,0.0,Overconfident Sensor (Assumes low noise),21
misspec_022,FB7_Exposure_Aware_Planner,potato,DEPTH_CORRELATED,0.196,0.116,0.08,MARKDOWN,0.0,0.0,1.0,0.0,0.0,0.0,0.0,0.0,"{0: 0.0494, 1: 0.1072, 2: 0.2047, 3: 0.2716, 4: 0.363}",1,['STOP_INSPECTION'],0.0,0.0,Overconfident Sensor (Assumes low noise),22
misspec_023,FB7_Exposure_Aware_Planner,potato,DEPTH_CORRELATED,0.2,0.116,0.084,MARKDOWN,0.0,0.0,1.0,0.0,0.0,0.0,0.0,0.0,"{0: 0.0426, 1: 0.1102, 2: 0.2086, 3: 0.2887, 4: 0.3638}",1,['STOP_INSPECTION'],0.0,0.0,Overconfident Sensor (Assumes low noise),23
misspec_024,FB7_Exposure_Aware_Planner,potato,DEPTH_CORRELATED,0.2,0.116,0.084,MARKDOWN,0.0,0.0,1.0,0.0,0.0,0.0,0.0,0.0,"{0: 0.0257, 1: 0.1496, 2: 0.2069, 3: 0.2799, 4: 0.3559}",1,['STOP_INSPECTION'],0.0,0.0,Overconfident Sensor (Assumes low noise),24
misspec_025,FB7_Exposure_Aware_Planner,potato,DEPTH_CORRELATED,0.216,0.116,0.1,MARKDOWN,0.0,0.0,1.0,0.0,0.0,0.0,0.0,0.0,"{0: 0.0304, 1: 0.1389, 2: 0.211, 3: 0.2966, 4: 0.3889}",1,['STOP_INSPECTION'],0.0,0.0,Overconfident Sensor (Assumes low noise),25
misspec_026,FB7_Exposure_Aware_Planner,potato,DEPTH_CORRELATED,0.208,0.116,0.092,MARKDOWN,0.0,0.0,1.0,0.0,0.0,0.0,0.0,0.0,"{0: 0.0566, 1: 0.1342, 2: 0.1826, 3: 0.3006, 4: 0.3575}",1,['STOP_INSPECTION'],0.0,0.0,Overconfident Sensor (Assumes low noise),26
misspec_027,FB7_Exposure_Aware_Planner,potato,DEPTH_CORRELATED,0.196,0.116,0.08,MARKDOWN,0.0,0.0,1.0,0.0,0.0,0.0,0.0,0.0,"{0: 0.0482, 1: 0.1014, 2: 0.2005, 3: 0.2877, 4: 0.356}",1,['STOP_INSPECTION'],0.0,0.0,Overconfident Sensor (Assumes low noise),27
misspec_028,FB7_Exposure_Aware_Planner,potato,DEPTH_CORRELATED,0.208,0.116,0.092,MARKDOWN,0.0,0.0,1.0,0.0,0.0,0.0,0.0,0.0,"{0: 0.037, 1: 0.1342, 2: 0.2268, 3: 0.2717, 4: 0.3635}",1,['STOP_INSPECTION'],0.0,0.0,Overconfident Sensor (Assumes low noise),28
misspec_029,FB7_Exposure_Aware_Planner,potato,DEPTH_CORRELATED,0.204,0.116,0.088,MARKDOWN,0.0,0.0,1.0,0.0,0.0,0.0,0.0,0.0,"{0: 0.0422, 1: 0.1388, 2: 0.2158, 3: 0.283, 4: 0.3408}",1,['STOP_INSPECTION'],0.0,0.0,Overconfident Sensor (Assumes low noise),29
misspec_030,FB7_Exposure_Aware_Planner,potato,DEPTH_CORRELATED,0.2,0.116,0.084,MARKDOWN,0.0,0.0,1.0,0.0,0.0,0.0,0.0,0.0,"{0: 0.035, 1: 0.1059, 2: 0.1907, 3: 0.2724, 4: 0.3885}",1,['STOP_INSPECTION'],0.0,0.0,Overconfident Sensor (Assumes low noise),30
misspec_031,FB7_Exposure_Aware_Planner,potato,DEPTH_CORRELATED,0.216,0.116,0.1,MARKDOWN,0.0,0.0,1.0,0.0,0.0,0.0,0.0,0.0,"{0: 0.0301, 1: 0.133, 2: 0.2273, 3: 0.3087, 4: 0.3832}",1,['STOP_INSPECTION'],0.0,0.0,Overconfident Sensor (Assumes low noise),31
misspec_032,FB7_Exposure_Aware_Planner,potato,DEPTH_CORRELATED,0.204,0.116,0.088,MARKDOWN,0.0,0.0,1.0,0.0,0.0,0.0,0.0,0.0,"{0: 0.067, 1: 0.1062, 2: 0.206, 3: 0.2957, 4: 0.3673}",1,['STOP_INSPECTION'],0.0,0.0,Overconfident Sensor (Assumes low noise),32
misspec_033,FB7_Exposure_Aware_Planner,potato,DEPTH_CORRELATED,0.208,0.116,0.092,MARKDOWN,0.0,0.0,1.0,0.0,0.0,0.0,0.0,0.0,"{0: 0.0478, 1: 0.1475, 2: 0.2297, 3: 0.2873, 4: 0.3659}",1,['STOP_INSPECTION'],0.0,0.0,Overconfident Sensor (Assumes low noise),33
misspec_034,FB7_Exposure_Aware_Planner,potato,DEPTH_CORRELATED,0.204,0.116,0.088,MARKDOWN,0.0,0.0,1.0,0.0,0.0,0.0,0.0,0.0,"{0: 0.0317, 1: 0.11, 2: 0.1928, 3: 0.2938, 4: 0.3821}",1,['STOP_INSPECTION'],0.0,0.0,Overconfident Sensor (Assumes low noise),34
misspec_035,FB7_Exposure_Aware_Planner,potato,DEPTH_CORRELATED,0.2,0.116,0.084,MARKDOWN,0.0,0.0,1.0,0.0,0.0,0.0,0.0,0.0,"{0: 0.0314, 1: 0.1169, 2: 0.2215, 3: 0.2697, 4: 0.3617}",1,['STOP_INSPECTION'],0.0,0.0,Overconfident Sensor (Assumes low noise),35
misspec_036,FB7_Exposure_Aware_Planner,potato,DEPTH_CORRELATED,0.212,0.116,0.096,MARKDOWN,0.0,0.0,1.0,0.0,0.0,0.0,0.0,0.0,"{0: 0.0645, 1: 0.132, 2: 0.2208, 3: 0.2948, 4: 0.3452}",1,['STOP_INSPECTION'],0.0,0.0,Overconfident Sensor (Assumes low noise),36
misspec_037,FB7_Exposure_Aware_Planner,potato,DEPTH_CORRELATED,0.212,0.116,0.096,MARKDOWN,0.0,0.0,1.0,0.0,0.0,0.0,0.0,0.0,"{0: 0.0275, 1: 0.138, 2: 0.2213, 3: 0.2947, 4: 0.3804}",1,['STOP_INSPECTION'],0.0,0.0,Overconfident Sensor (Assumes low noise),37
misspec_038,FB7_Exposure_Aware_Planner,potato,DEPTH_CORRELATED,0.204,0.116,0.088,MARKDOWN,0.0,0.0,1.0,0.0,0.0,0.0,0.0,0.0,"{0: 0.0343, 1: 0.1151, 2: 0.2182, 3: 0.2661, 4: 0.383}",1,['STOP_INSPECTION'],0.0,0.0,Overconfident Sensor (Assumes low noise),38
misspec_039,FB7_Exposure_Aware_Planner,potato,DEPTH_CORRELATED,0.196,0.116,0.08,MARKDOWN,0.0,0.0,1.0,0.0,0.0,0.0,0.0,0.0,"{0: 0.0312, 1: 0.1114, 2: 0.1809, 3: 0.2947, 4: 0.3463}",1,['STOP_INSPECTION'],0.0,0.0,Overconfident Sensor (Assumes low noise),39
misspec_040,FB7_Exposure_Aware_Planner,potato,DEPTH_CORRELATED,0.204,0.116,0.088,MARKDOWN,0.0,0.0,1.0,0.0,0.0,0.0,0.0,0.0,"{0: 0.0242, 1: 0.125, 2: 0.2127, 3: 0.2797, 4: 0.3805}",1,['STOP_INSPECTION'],0.0,0.0,Overconfident Sensor (Assumes low noise),40
misspec_041,FB7_Exposure_Aware_Planner,potato,DEPTH_CORRELATED,0.208,0.116,0.092,MARKDOWN,0.0,0.0,1.0,0.0,0.0,0.0,0.0,0.0,"{0: 0.062, 1: 0.1314, 2: 0.1827, 3: 0.2756, 4: 0.3822}",1,['STOP_INSPECTION'],0.0,0.0,Overconfident Sensor (Assumes low noise),41
misspec_042,FB7_Exposure_Aware_Planner,potato,DEPTH_CORRELATED,0.204,0.116,0.088,MARKDOWN,0.0,0.0,1.0,0.0,0.0,0.0,0.0,0.0,"{0: 0.0568, 1: 0.1141, 2: 0.1857, 3: 0.2837, 4: 0.3817}",1,['STOP_INSPECTION'],0.0,0.0,Overconfident Sensor (Assumes low noise),42
misspec_043,FB7_Exposure_Aware_Planner,potato,DEPTH_CORRELATED,0.212,0.116,0.096,MARKDOWN,0.0,0.0,1.0,0.0,0.0,0.0,0.0,0.0,"{0: 0.0635, 1: 0.1127, 2: 0.2166, 3: 0.3053, 4: 0.3509}",1,['STOP_INSPECTION'],0.0,0.0,Overconfident Sensor (Assumes low noise),43
misspec_044,FB7_Exposure_Aware_Planner,potato,DEPTH_CORRELATED,0.216,0.116,0.1,MARKDOWN,0.0,0.0,1.0,0.0,0.0,0.0,0.0,0.0,"{0: 0.0531, 1: 0.1171, 2: 0.2159, 3: 0.3077, 4: 0.3794}",1,['STOP_INSPECTION'],0.0,0.0,Overconfident Sensor (Assumes low noise),44
misspec_045,FB7_Exposure_Aware_Planner,potato,DEPTH_CORRELATED,0.2,0.116,0.084,MARKDOWN,0.0,0.0,1.0,0.0,0.0,0.0,0.0,0.0,"{0: 0.0617, 1: 0.1175, 2: 0.189, 3: 0.2985, 4: 0.3495}",1,['STOP_INSPECTION'],0.0,0.0,Overconfident Sensor (Assumes low noise),45
misspec_046,FB7_Exposure_Aware_Planner,potato,DEPTH_CORRELATED,0.208,0.116,0.092,MARKDOWN,0.0,0.0,1.0,0.0,0.0,0.0,0.0,0.0,"{0: 0.0425, 1: 0.138, 2: 0.1943, 3: 0.2848, 4: 0.3749}",1,['STOP_INSPECTION'],0.0,0.0,Overconfident Sensor (Assumes low noise),46
misspec_047,FB7_Exposure_Aware_Planner,potato,DEPTH_CORRELATED,0.196,0.116,0.08,MARKDOWN,0.0,0.0,1.0,0.0,0.0,0.0,0.0,0.0,"{0: 0.0201, 1: 0.101, 2: 0.1992, 3: 0.2806, 4: 0.3767}",1,['STOP_INSPECTION'],0.0,0.0,Overconfident Sensor (Assumes low noise),47
misspec_048,FB7_Exposure_Aware_Planner,potato,DEPTH_CORRELATED,0.208,0.116,0.092,MARKDOWN,0.0,0.0,1.0,0.0,0.0,0.0,0.0,0.0,"{0: 0.0481, 1: 0.1389, 2: 0.2287, 3: 0.2816, 4: 0.3546}",1,['STOP_INSPECTION'],0.0,0.0,Overconfident Sensor (Assumes low noise),48
misspec_049,FB7_Exposure_Aware_Planner,potato,DEPTH_CORRELATED,0.196,0.116,0.08,MARKDOWN,0.0,0.0,1.0,0.0,0.0,0.0,0.0,0.0,"{0: 0.032, 1: 0.1212, 2: 0.1845, 3: 0.2732, 4: 0.3519}",1,['STOP_INSPECTION'],0.0,0.0,Overconfident Sensor (Assumes low noise),49
