trial_idx,plan_a_damage,plan_b_damage,damage_diff,plan_a_fidelity,plan_b_fidelity,fidelity_diff
0,0.03555031528849766,0.03555031528849766,0.0,0.8783119360100071,0.7692209134033411,0.10909102260666603
1,0.03555031528849766,0.03555031528849766,0.0,0.8783119360100071,0.7692209134033411,0.10909102260666603
2,0.03555031528849766,0.03555031528849766,0.0,0.8783119360100071,0.7692209134033411,0.10909102260666603
3,0.03555031528849766,0.03555031528849766,0.0,0.8783119360100071,0.7692209134033411,0.10909102260666603
4,0.03555031528849766,0.03555031528849766,0.0,0.8783119360100071,0.7692209134033411,0.10909102260666603
5,0.03555031528849766,0.03555031528849766,0.0,0.8783119360100071,0.7692209134033411,0.10909102260666603
6,0.03555031528849766,0.03555031528849766,0.0,0.8783119360100071,0.7692209134033411,0.10909102260666603
7,0.03555031528849766,0.03555031528849766,0.0,0.8783119360100071,0.7692209134033411,0.10909102260666603
8,0.03555031528849766,0.03555031528849766,0.0,0.8783119360100071,0.7692209134033411,0.10909102260666603
9,0.03555031528849766,0.03555031528849766,0.0,0.8783119360100071,0.7692209134033411,0.10909102260666603
10,0.03555031528849766,0.03555031528849766,0.0,0.8783119360100071,0.7692209134033411,0.10909102260666603
11,0.03555031528849766,0.03555031528849766,0.0,0.8783119360100071,0.7692209134033411,0.10909102260666603
12,0.03555031528849766,0.03555031528849766,0.0,0.8783119360100071,0.7692209134033411,0.10909102260666603
13,0.03555031528849766,0.03555031528849766,0.0,0.8783119360100071,0.7692209134033411,0.10909102260666603
14,0.03555031528849766,0.03555031528849766,0.0,0.8783119360100071,0.7692209134033411,0.10909102260666603
15,0.03555031528849766,0.03555031528849766,0.0,0.8783119360100071,0.7692209134033411,0.10909102260666603
16,0.03555031528849766,0.03555031528849766,0.0,0.8783119360100071,0.7692209134033411,0.10909102260666603
17,0.03555031528849766,0.03555031528849766,0.0,0.8783119360100071,0.7692209134033411,0.10909102260666603
18,0.03555031528849766,0.03555031528849766,0.0,0.8783119360100071,0.7692209134033411,0.10909102260666603
19,0.03555031528849766,0.03555031528849766,0.0,0.8783119360100071,0.7692209134033411,0.10909102260666603
20,0.03555031528849766,0.03555031528849766,0.0,0.8783119360100071,0.7692209134033411,0.10909102260666603
21,0.03555031528849766,0.03555031528849766,0.0,0.8783119360100071,0.7692209134033411,0.10909102260666603
22,0.03555031528849766,0.03555031528849766,0.0,0.8783119360100071,0.7692209134033411,0.10909102260666603
23,0.03555031528849766,0.03555031528849766,0.0,0.8783119360100071,0.7692209134033411,0.10909102260666603
24,0.03555031528849766,0.03555031528849766,0.0,0.8783119360100071,0.7692209134033411,0.10909102260666603
25,0.03555031528849766,0.03555031528849766,0.0,0.8783119360100071,0.7692209134033411,0.10909102260666603
26,0.03555031528849766,0.03555031528849766,0.0,0.8783119360100071,0.7692209134033411,0.10909102260666603
27,0.03555031528849766,0.03555031528849766,0.0,0.8783119360100071,0.7692209134033411,0.10909102260666603
28,0.03555031528849766,0.03555031528849766,0.0,0.8783119360100071,0.7692209134033411,0.10909102260666603
29,0.03555031528849766,0.03555031528849766,0.0,0.8783119360100071,0.7692209134033411,0.10909102260666603
30,0.03555031528849766,0.03555031528849766,0.0,0.8783119360100071,0.7692209134033411,0.10909102260666603
31,0.03555031528849766,0.03555031528849766,0.0,0.8783119360100071,0.7692209134033411,0.10909102260666603
32,0.03555031528849766,0.03555031528849766,0.0,0.8783119360100071,0.7692209134033411,0.10909102260666603
33,0.03555031528849766,0.03555031528849766,0.0,0.8783119360100071,0.7692209134033411,0.10909102260666603
34,0.03555031528849766,0.03555031528849766,0.0,0.8783119360100071,0.7692209134033411,0.10909102260666603
35,0.03555031528849766,0.03555031528849766,0.0,0.8783119360100071,0.7692209134033411,0.10909102260666603
36,0.03555031528849766,0.03555031528849766,0.0,0.8783119360100071,0.7692209134033411,0.10909102260666603
37,0.03555031528849766,0.03555031528849766,0.0,0.8783119360100071,0.7692209134033411,0.10909102260666603
38,0.03555031528849766,0.03555031528849766,0.0,0.8783119360100071,0.7692209134033411,0.10909102260666603
39,0.03555031528849766,0.03555031528849766,0.0,0.8783119360100071,0.7692209134033411,0.10909102260666603
40,0.03555031528849766,0.03555031528849766,0.0,0.8783119360100071,0.7692209134033411,0.10909102260666603
41,0.03555031528849766,0.03555031528849766,0.0,0.8783119360100071,0.7692209134033411,0.10909102260666603
42,0.03555031528849766,0.03555031528849766,0.0,0.8783119360100071,0.7692209134033411,0.10909102260666603
43,0.03555031528849766,0.03555031528849766,0.0,0.8783119360100071,0.7692209134033411,0.10909102260666603
44,0.03555031528849766,0.03555031528849766,0.0,0.8783119360100071,0.7692209134033411,0.10909102260666603
45,0.03555031528849766,0.03555031528849766,0.0,0.8783119360100071,0.7692209134033411,0.10909102260666603
46,0.03555031528849766,0.03555031528849766,0.0,0.8783119360100071,0.7692209134033411,0.10909102260666603
47,0.03555031528849766,0.03555031528849766,0.0,0.8783119360100071,0.7692209134033411,0.10909102260666603
48,0.03555031528849766,0.03555031528849766,0.0,0.8783119360100071,0.7692209134033411,0.10909102260666603
49,0.03555031528849766,0.03555031528849766,0.0,0.8783119360100071,0.7692209134033411,0.10909102260666603
